match_id,home_team,away_team,st_home,goals_home,corners_home,st_away,goals_away,corners_away,st_avg,corners_avg,goals_avg,st_kpp,corner_kpp,goals_kpp,which_team,st_kpp_home,st_kpp_away,goals_kpp_home,goals_kpp_away,corner_kpp_home,corner_kpp_away,modified_result,final_result,home_kpp_score,away_kpp_score,normalized_home_kpp_score,normalized_away_kpp_score
0,Arsenal,Crystal Palace,0.75,0.666666667,0.75,0.25,0.333333333,0.25,0.75,0.75,0.666666667,0.75,0.75,0.66,Arsenal,0.75,0.25,0.66,0.333333333,0.75,0.25,1,1,2.16,0.833333333,0.721603563554744,0.278396436445256
1,Leicester,Everton,0.5,0.5,0.333333333,0.5,0.5,0.666666667,0.5,0.666666667,0.5,0.5,0.666666667,0.5,Everton,0.5,0.5,0.5,0.5,0.33,0.666666667,0,0,1.33,1.666666667,0.443826473810475,0.556173526189525
2,Man United,Swansea,0.555555556,0.333333333,1,0.444444444,0.666666667,0,0.444444444,0,0.666666667,0.444444444,0,0.666666667,Swansea,0.555555556,0.444444444,0.333333333,0.666666667,1,0,0,-1,1.888888889,1.111111111,0.629629629666667,0.370370370333333
3,QPR,Hull,0.6,0,0.470588235,0.4,1,0.529411765,0.6,0.470588235,0,0.6,0.470588235,0,QPR,0.6,0.4,0,1,0.470588235,0.529411765,0,-1,1.070588235,1.929411765,0.356862745,0.643137255
4,Stoke,Aston Villa,0.5,0,0.2,0.5,1,0.8,0.5,0.8,1,0.5,0.8,1,Aston Villa,0.5,0.5,0,1,0.2,0.8,0,-1,0.7,2.3,0.233333333333333,0.766666666666667
5,West Brom,Sunderland,0.714285714,0.5,0.666666667,0.285714286,0.5,0.333333333,0.714285714,0.666666667,0.5,0.714285714,0.666666667,0.5,West Brom,0.714285714,0.285714286,0.5,0.5,0.666666667,0.333333333,0,0,1.880952381,1.119047619,0.626984127,0.373015873
6,West Ham,Tottenham,0.5,0,0.615384615,0.5,1,0.384615385,0.5,0.384615385,1,0.5,0.384615385,1,Tottenham,0.5,0.5,0,1,0.615384615,0.384615385,0,-1,1.115384615,1.884615385,0.371794871666667,0.628205128333333
7,Liverpool,Southampton,0.454545455,0.666666667,0.25,0.545454546,0.333333333,0.75,0.454545455,0.25,0.666666667,0.191666667,0.355555556,0.111111111,Liverpool,0.191666667,0.545454546,0.111111111,0.333333333,0.355555556,0.75,1,1,0.658333334,1.628787879,0.287843657020901,0.712156342979099
8,Newcastle,Man City,0,0,0.5,1,1,0.5,1,0.5,1,1,0.5,1,Man City,0,1,0,1,0.5,0.5,0,-1,0.5,2.5,0.166666666666667,0.833333333333333
9,Burnley,Chelsea,0.4,0.25,0.571428571,0.6,0.75,0.428571429,0.6,0.428571429,0.75,0.6,0.428571429,0.75,Chelsea,0.4,0.6,0.25,0.75,0.571428571,0.428571429,0,-1,1.221428571,1.778571429,0.407142857,0.592857143
10,Aston Villa,Newcastle,0,0.5,0.5,1,0.5,0.5,0,0.5,0.5,0,0.5,0.5,Aston Villa,0,1,0.5,0.5,0.5,0.5,0,0,1,2,0.333333333333333,0.666666666666667
11,Chelsea,Leicester,0.714285714,1,0.533333333,0.285714286,0,0.466666667,0.714285714,0.533333333,1,0.714285714,0.533333333,1,Chelsea,0.714285714,0.285,1,0,0.533333333,0.46,1,1,2.247619047,0.745,0.751054180869818,0.248945819130182
12,Crystal Palace,West Ham,0.333333333,0.25,0.4,0.666666667,0.75,0.6,0.666666667,0.6,0.75,0.666666667,0.6,0.75,West Ham,0.333333333,0.666666667,0.25,0.75,0.4,0.6,0,-1,0.983333333,2.016666667,0.327777777666667,0.672222222333333
13,Everton,Arsenal,0.4,0.5,0.5,0.6,0.5,0.5,0.6,0.5,0.5,0.6,0.5,0.5,Arsenal,0.4,0.6,0.5,0.5,0.5,0.5,0,0,1.4,1.6,0.466666666666667,0.533333333333333
14,Southampton,West Brom,0.5,0.5,0.166666667,0.5,0.5,0.833333333,0.5,0.833333333,0.5,0.5,0.833333333,0.5,West Brom,0.5,0.5,0.5,0.5,0.166666667,0.833333333,0,0,1.166666667,1.833333333,0.388888889,0.611111111
15,Swansea,Burnley,0.833333333,1,0.4,0.166666667,0,0.6,0.166666667,0.6,0,0.166666667,0.6,0,Burnley,0.833333333,0.166666667,1,0,0.4,0.6,1,1,2.233333333,0.766666667,0.744444444333333,0.255555555666667
16,Hull,Stoke,0.4,0.5,0.444444444,0.6,0.5,0.555555556,0.4,0.444444444,0.5,0.4,0.444444444,0.5,Hull,0.4,0.6,0.5,0.5,0.444444444,0.555555556,0,0,1.344444444,1.655555556,0.448148148,0.551851852
17,Sunderland,Man United,0.5,0.5,0.5,0.5,0.5,0.5,0.5,0.5,0.5,0.5,0.5,0.5,Man United,0.5,0.5,0.5,0.5,0.5,0.5,0,0,1.5,1.5,0.5,0.5
18,Tottenham,QPR,0.833333333,1,0.538461539,0.166666667,0,0.461538462,0.833333333,0.538461539,1,0.833333333,0.538461539,1,Tottenham,0.833333333,0.166666667,1,0,0.538461539,0.461538462,1,1,2.371794872,0.628205129,0.790598290403134,0.209401709596866
19,Man City,Liverpool,0.571428571,0.75,0.461538462,0.428571429,0.25,0.538461539,0.571428571,0.461538462,0.75,0.571428571,0.461538462,0.75,Man City,0.571428571,0.218181818,0.75,0.222222222,0.461538462,0.283333333,1,1,1.782967033,0.723737373,0.711279331034136,0.288720668965864
20,Burnley,Man United,0.6,0.5,0.333333333,0.4,0.5,0.666666667,0.4,0.666666667,0.5,0.4,0.666666667,0.5,Man United,0.6,0.4,0.5,0.5,0.333333333,0.666666667,0,0,1.433333333,1.566666667,0.477777777666667,0.522222222333333
21,Everton,Chelsea,0.466666667,0.333333333,0.8,0.533333333,0.666666667,0.2,0.533333333,0.2,0.666666667,0.533333333,0.2,0.666666667,Chelsea,0.466666667,0.533333333,0.333333333,0.666666667,0.8,0.2,0,-1,1.6,1.4,0.533333333333333,0.466666666666667
22,Man City,Stoke,0.5,0,0.733333333,0.5,1,0.266666667,0.5,0.733333333,0,0.5,0.733333333,0,Man City,0.5,0.5,0,1,0.733333333,0.266666667,0,-1,1.233333333,1.766666667,0.411111111,0.588888889
23,Newcastle,Crystal Palace,0.363636364,0.5,0.733333333,0.636363636,0.5,0.266666667,0.363636364,0.733333333,0.5,0.363636364,0.733333333,0.5,Newcastle,0.363636364,0.636363636,0.5,0.5,0.733333333,0.266666667,0,0,1.596969697,1.403030303,0.532323232333333,0.467676767666667
24,QPR,Sunderland,0.454545455,1,0.4,0.545454546,0,0.6,0.454545455,0.4,1,0.454545455,0.4,1,QPR,0.454545455,0.545454546,1,0,0.4,0.6,1,1,1.854545455,1.145454546,0.618181818127273,0.381818181872727
25,Swansea,West Brom,0.8,1,0,0.2,0,1,0.8,0,1,0.8,0,1,Swansea,0.8,0.2,1,0,0,1,1,1,1.8,1.2,0.6,0.4
26,West Ham,Southampton,0.2,0.25,0.181818182,0.8,0.75,0.818181818,0.8,0.818181818,0.75,0.8,0.818181818,0.75,Southampton,0.2,0.8,0.25,0.75,0.181818182,0.818181818,0,-1,0.631818182,2.368181818,0.210606060666667,0.789393939333333
27,Aston Villa,Hull,0.571428571,0.666666667,0.3,0.428571429,0.333333333,0.7,0.571428571,0.3,0.666666667,0.571428571,0.3,0.666666667,Aston Villa,0.571428571,0.428571429,0.666666667,0.333333333,0.3,0.7,1,1,1.538095238,1.461904762,0.512698412666667,0.487301587333333
28,Leicester,Arsenal,0.333333333,0.5,0.333333333,0.666666667,0.5,0.666666667,0.333333333,0.333333333,0.5,0.33,0.33,0.5,Leicester,0.33,0.66,0.5,0.5,0.33,0.66,0,0,1.16,1.82,0.389261744966443,0.610738255033557
29,Tottenham,Liverpool,0.111111111,0,0.7,0.888888889,1,0.3,0.111111111,0.7,0,0.111111111,0.7,0,Tottenham,0.111111111,0.294372294,0,0.305555556,0.7,0.262820513,0,-1,0.811111111,0.862748363,0.48457539213952,0.51542460786048
30,Arsenal,Man City,0.428571429,0.5,0,0.571428571,0.5,1,0.571428571,1,0.5,0.690476191,0.564957265,0.583333333,Man City,0.672222222,0.690476191,0.555555556,0.583333333,0.638888889,0.564957265,0,0,1.866666667,1.838766789,0.503764725278607,0.496235274721393
31,Chelsea,Swansea,0.818181818,0.666666667,0.636363636,0.181818182,0.333333333,0.363636364,0.818181818,0.636363636,0.666666667,0.615873016,0.387301587,0.805555556,Chelsea,0.615873016,0.692592593,0.805555556,0.888888889,0.387301587,0.133333333,1,1,1.808730159,1.714814815,0.513326826348606,0.486673173651394
32,Crystal Palace,Burnley,0.5,0.5,0.5,0.5,0.5,0.5,0.5,0.5,0.5,0.406565657,0.305555556,0.361111111,Crystal Palace,0.406565657,0.388888889,0.361111111,0.25,0.305555556,0.501587302,0,0,1.073232324,1.140476191,0.484811941919101,0.515188058080899
33,Liverpool,Aston Villa,0.5,0,0.538461539,0.5,1,0.461538462,0.5,0.461538462,1,0.357142857,0.533333333,0.722222222,Aston Villa,0.590668591,0.357142857,0.638888889,0.722222222,0.362820513,0.533333333,0,-1,1.592377993,1.612698412,0.49682996340301,0.50317003659699
34,Southampton,Newcastle,0.636363636,1,0.5,0.363636364,0,0.5,0.363636364,0.5,0,0.454545455,0.577777778,0.333333333,Newcastle,0.615151515,0.454545455,0.527777778,0.333333333,0.578282828,0.577777778,1,1,1.721212121,1.365656566,0.557591622944212,0.442408377055788
35,Stoke,Leicester,0.8,0,0.8125,0.2,1,0.1875,0.8,0.8125,0,0.533333333,0.340740741,0.5,Stoke,0.533333333,0.373015873,0.5,0.333333333,0.340740741,0.377777778,0,-1,1.374074074,1.084126984,0.558975462779253,0.441024537220747
36,Sunderland,Tottenham,0.142857143,0.5,0.5,0.857142857,0.5,0.5,0.142857143,0.5,0.5,0.443722944,0.477777778,0.333333333,Sunderland,0.443722944,0.481481482,0.333333333,0.666666667,0.477777778,0.541025641,0,0,1.254834055,1.68917379,0.426233257880466,0.573766742119534
37,West Brom,Everton,0.2,0,0.9,0.8,1,0.1,0.8,0.1,1,0.3,0.388888889,0.333333333,Everton,0.471428571,0.3,0.333333333,0.333333333,0.833333333,0.388888889,0,-1,1.638095237,1.022222222,0.615751789869376,0.384248210130624
38,Man United,QPR,0.818181818,1,0.75,0.181818182,0,0.25,0.818181818,0.75,1,0.485185185,0.722222222,0.444444444,Man United,0.485185185,0.407070707,0.444444444,0.333333333,0.722222222,0.444042232,1,1,1.651851851,1.184446272,0.582397117427419,0.417602882572581
39,Hull,West Ham,0.6,0.5,0.230769231,0.4,0.5,0.769230769,0.4,0.769230769,0.5,0.455555556,0.465734266,0.333333333,West Ham,0.40952381,0.455555556,0.611111111,0.333333333,0.55795207,0.465734266,0,0,1.578586991,1.254623155,0.557172574448348,0.442827425551652
40,Aston Villa,Arsenal,0.4,0,0.5,0.6,1,0.5,0.4,0.5,0,0.357142857,0.420512821,0.722222222,Aston Villa,0.357142857,0.565079365,0.722222222,0.5,0.420512821,0.388888889,0,-1,1.4998779,1.453968254,0.507771164036054,0.492228835963946
41,Burnley,Sunderland,0.5,0.5,0.833333333,0.5,0.5,0.166666667,0.5,0.833333333,0.5,0.422222222,0.477777778,0.333333333,Burnley,0.422222222,0.396103896,0.333333333,0.333333333,0.477777778,0.533333333,0,0,1.233333333,1.262770562,0.49410336463579,0.50589663536421
42,Newcastle,Hull,0.7,0.5,0.666666667,0.3,0.5,0.333333333,0.7,0.666666667,0.5,0.575757576,0.577777778,0.333333333,Newcastle,0.575757576,0.476190476,0.333333333,0.444444444,0.577777778,0.458404558,0,0,1.486868687,1.379039478,0.518812397814568,0.481187602185431
43,QPR,Stoke,0.555555556,0.5,0.909090909,0.444444444,0.5,0.090909091,0.555555556,0.909090909,0.5,0.267676768,0.370512821,0.333333333,QPR,0.267676768,0.633333333,0.333333333,0.5,0.370512821,0.544907407,0,0,0.971522922,1.67824074,0.366645122330159,0.633354877669841
44,Swansea,Southampton,0.333333333,0,0.333333333,0.666666667,1,0.666666667,0.666666667,0.666666667,1,0.645454546,0.494949495,0.75,Southampton,0.605050505,0.645454546,0.777777778,0.75,0.254545455,0.494949495,0,-1,1.637373738,1.890404041,0.464137437382504,0.535862562617496
45,West Ham,Liverpool,0.583333333,0.75,0.583333333,0.416666667,0.25,0.416666667,0.416666667,0.416666667,0.25,0.605820106,0.458974359,0.416666667,Liverpool,0.422222222,0.605820106,0.5,0.416666667,0.517016317,0.458974359,1,1,1.439238539,1.481461132,0.492771835903014,0.507228164096986
46,Everton,Crystal Palace,0.666666667,0.4,0.875,0.333333333,0.6,0.125,0.333333333,0.125,0.6,0.48989899,0.388888889,0.416666667,Crystal Palace,0.455555556,0.48989899,0.444444444,0.416666667,0.655555556,0.388888889,0,-1,1.555555556,1.295454546,0.545615588983276,0.454384411016724
47,Leicester,Man United,0.5,0.625,0.333333333,0.5,0.375,0.666666667,0.5,0.333333333,0.625,0.273015873,0.329166667,0.5,Leicester,0.273015873,0.572727273,0.5,0.666666667,0.329166667,0.638888889,1,1,1.10218254,1.878282829,0.369802162931959,0.630197837068041
48,Man City,Chelsea,0.666666667,0.5,0.875,0.333333333,0.5,0.125,0.333333333,0.125,0.5,0.688600289,0.456565657,0.777777778,Chelsea,0.547619048,0.688600289,0.416666667,0.777777778,0.731623932,0.456565657,0,0,1.695909647,1.922943724,0.46863176623577,0.53136823376423
49,Tottenham,West Brom,0.2,0,0.5625,0.8,1,0.4375,0.8,0.4375,1,0.3,0.911111111,0.166666667,West Brom,0.600529101,0.3,0.5,0.166666667,0.57948718,0.911111111,0,-1,1.680016281,1.377777778,0.549421003698797,0.450578996301203
50,Arsenal,Tottenham,0.6,0.5,0.75,0.4,0.5,0.25,0.6,0.75,0.5,0.565079365,0.388888889,0.666666667,Arsenal,0.565079365,0.389417989,0.666666667,0.166666667,0.388888889,0.5875,0,0,1.620634921,1.143584656,0.586290226176196,0.413709773823804
51,Chelsea,Aston Villa,0.888888889,1,0.818181818,0.111111111,0,0.181818182,0.111111111,0.181818182,0,0.490476191,0.420512821,0.555555556,Aston Villa,0.561616162,0.490476191,0.611111111,0.555555556,0.320454546,0.420512821,1,1,1.493181819,1.466544568,0.504499951603128,0.495500048396872
52,Crystal Palace,Leicester,0.857142857,1,0.5,0.142857143,0,0.5,0.142857143,0.5,0,0.344444444,0.284722222,0.708333333,Leicester,0.48989899,0.344444444,0.533333333,0.708333333,0.297222222,0.284722222,1,1,1.320454545,1.337499999,0.496793501597219,0.503206498402781
53,Hull,Man City,0.454545455,0.333333333,0.272727273,0.545454546,0.666666667,0.727272727,0.545454546,0.727272727,0.666666667,0.579365079,0.869444444,0.333333333,Man City,0.442857143,0.579365079,0.444444444,0.333333333,0.421367521,0.869444444,0,-1,1.308669108,1.782142856,0.423406251574869,0.576593748425131
54,Liverpool,Everton,0.615384615,0.5,0.8,0.384615385,0.5,0.2,0.615384615,0.8,0.5,0.601851852,0.418376068,0.416666667,Liverpool,0.601851852,0.555555556,0.416666667,0.611111111,0.418376068,0.466666667,0,0,1.436894587,1.633333334,0.468009093778286,0.531990906221714
55,Man United,West Ham,0.428571429,0.666666667,0.411764706,0.571428571,0.333333333,0.588235294,0.428571429,0.411764706,0.666666667,0.572727273,0.694444445,0.625,Man United,0.572727273,0.394444444,0.625,0.5,0.694444445,0.511460761,1,1,1.892171718,1.405905205,0.573719704596472,0.426280295403528
56,Southampton,QPR,0.818181818,0.666666667,0.666666667,0.181818182,0.333333333,0.333333333,0.181818182,0.333333333,0.333333333,0.397306397,0.51969697,0.5,QPR,0.701010101,0.397306397,0.916666667,0.5,0.661616162,0.51969697,1,1,2.27929293,1.417003367,0.616642375734307,0.383357624265693
57,Sunderland,Swansea,0.75,0.5,0.909090909,0.25,0.5,0.090909091,0.25,0.090909091,0.5,0.438383838,0.232323232,0.444444444,Swansea,0.396103896,0.438383838,0.333333333,0.444444444,0.422222222,0.232323232,0,0,1.151659451,1.115151514,0.50805270875333,0.49194729124667
58,West Brom,Burnley,0.75,1,0.833333333,0.25,0,0.166666667,0.25,0.166666667,0,0.533333333,0.555555556,0.5,Burnley,0.4,0.533333333,0.333333333,0.5,0.779166667,0.555555556,1,1,1.5125,1.588888889,0.487684729046568,0.512315270953433
59,Stoke,Newcastle,0.75,1,0.166666667,0.25,0,0.833333333,0.75,0.166666667,1,0.581481482,0.390025253,0.5,Stoke,0.581481482,0.475757576,0.5,0.333333333,0.390025253,0.633333333,1,1,1.471506735,1.442424242,0.504990250838052,0.495009749161948
60,Aston Villa,Man City,0.125,0,0,0.875,1,1,0.875,1,1,0.594516595,0.867424242,0.555555556,Man City,0.337037037,0.594516595,0.333333333,0.555555556,0.381118881,0.867424242,0,-1,1.051489251,2.017496393,0.342617846080742,0.657382153919258
61,Hull,Crystal Palace,0.5,1,0.461538462,0.5,0,0.538461539,0.5,0.461538462,1,0.451515152,0.278943279,0.444444444,Hull,0.451515152,0.563492064,0.444444444,0.7,0.278943279,0.375,1,1,1.174902875,1.638492064,0.417610360604974,0.582389639395026
62,Leicester,Burnley,0.6,0.5,0.75,0.4,0.5,0.25,0.6,0.75,0.5,0.280952381,0.340277778,0.541666667,Leicester,0.280952381,0.416666667,0.541666667,0.333333333,0.340277778,0.5,0,0,1.162896826,1.25,0.481950497621484,0.518049502378516
63,Liverpool,West Brom,0.636363636,0.666666667,0.5,0.363636364,0.333333333,0.5,0.363636364,0.5,0.333333333,0.583333333,0.723611111,0.666666667,West Brom,0.510683761,0.583333333,0.25,0.666666667,0.585042735,0.723611111,1,1,1.345726496,1.973611111,0.405420193824834,0.594579806175166
64,Sunderland,Stoke,0.375,0.75,0.636363636,0.625,0.25,0.363636364,0.625,0.363636364,0.25,0.664814815,0.356691919,0.5,Stoke,0.464285714,0.664814815,0.5,0.5,0.525252525,0.356691919,1,1,1.489538239,1.521506734,0.494691461720655,0.505308538279345
65,Swansea,Newcastle,0.555555556,0.5,0.75,0.444444444,0.5,0.25,0.555555556,0.75,0.5,0.255050505,0.262626263,0.277777778,Swansea,0.255050505,0.437878788,0.277777778,0.166666667,0.262626263,0.666666667,0,0,0.795454546,1.271212122,0.384897360719421,0.615102639280579
66,Chelsea,Arsenal,1,1,0.5,0,0,0.5,0,0.5,0,0.542857143,0.416666667,0.666666667,Arsenal,0.68013468,0.542857143,0.722222222,0.666666667,0.526515152,0.416666667,1,1,1.928872054,1.626190477,0.54257049972548,0.45742950027452
67,Man United,Everton,0.4,0.666666667,0.647058824,0.6,0.333333333,0.352941177,0.6,0.352941177,0.333333333,0.644444445,0.591666667,0.577777778,Everton,0.582251082,0.644444445,0.680555556,0.577777778,0.609477124,0.591666667,1,1,1.872283762,1.81388889,0.507920799907231,0.492079200092769
68,Tottenham,Southampton,0.571428571,1,0.666666667,0.428571429,0,0.333333333,0.571428571,0.666666667,1,0.485714286,0.4375,0.333333333,Tottenham,0.485714286,0.707070707,0.333333333,0.888888889,0.4375,0.611111111,1,1,1.256547619,2.207070707,0.362784666418814,0.637215333581186
69,West Ham,QPR,0.5,1,0.583333333,0.5,0,0.416666667,0.5,0.416666667,0,0.306397306,0.497474748,0.277777778,QPR,0.518253968,0.306397306,0.527777778,0.277777778,0.646933132,0.497474748,1,1,1.692964878,1.081649832,0.61016215040538,0.38983784959462
70,Arsenal,Hull,0.692307692,0.5,1,0.307692308,0.5,0,0.307692308,0,0.5,0.418181818,0.355866356,0.611111111,Hull,0.4,0.418181818,0.5,0.611111111,0.583333333,0.355866356,0,0,1.483333333,1.385159285,0.517112480503514,0.482887519496486
71,Burnley,West Ham,0.333333333,0.25,0.416666667,0.666666667,0.75,0.583333333,0.333333333,0.416666667,0.25,0.383333333,0.416666667,0.333333333,Burnley,0.383333333,0.551587302,0.333333333,0.694444444,0.416666667,0.58496732,0,-1,1.133333333,1.830999066,0.382323295924008,0.617676704075993
72,Crystal Palace,Chelsea,0.444444444,0.333333333,0.6,0.555555556,0.666666667,0.4,0.555555556,0.4,0.666666667,0.740740741,0.481060606,0.833333333,Chelsea,0.563492064,0.740740741,0.533333333,0.833333333,0.387820513,0.481060606,0,-1,1.48464591,2.05513468,0.41941749559116,0.58058250440884
73,Everton,Aston Villa,0.75,1,0.428571429,0.25,0,0.571428571,0.75,0.428571429,1,0.617094017,0.391666667,0.633333333,Everton,0.617094017,0.212037037,0.633333333,0,0.391666667,0.227272727,1,1,1.642094017,0.439309764,0.788935828785256,0.211064171214744
74,Man City,Tottenham,0.631578947,0.8,0.428571429,0.368421053,0.2,0.571428571,0.631578947,0.428571429,0.8,0.695707071,0.867424242,0.722222222,Man City,0.695707071,0.390476191,0.722222222,0.5,0.867424242,0.493055556,1,1,2.285353535,1.383531747,0.622901333604576,0.377098666395424
75,Newcastle,Leicester,0.75,1,0.588235294,0.25,0,0.411764706,0.75,0.588235294,1,0.464814815,0.583333333,0.333333333,Newcastle,0.464814815,0.414285714,0.333333333,0.375,0.583333333,0.527777778,1,1,1.381481481,1.317063492,0.511935689351952,0.488064310648048
77,QPR,Liverpool,0.545454546,0.4,0.777777778,0.454545455,0.6,0.222222222,0.454545455,0.222222222,0.6,0.556138306,0.572222222,0.472222222,Liverpool,0.412457913,0.556138306,0.277777778,0.472222222,0.553030303,0.572222222,0,-1,1.243265994,1.60058275,0.437177257272583,0.562822742727417
78,Stoke,Swansea,0.375,0.666666667,0.375,0.625,0.333333333,0.625,0.625,0.625,0.333333333,0.37962963,0.391414141,0.333333333,Swansea,0.606481482,0.37962963,0.583333333,0.333333333,0.207070707,0.391414141,1,1,1.396885522,1.104377104,0.558472152216134,0.441527847783866
79,West Brom,Man United,0.222222222,0.5,0,0.777777778,0.5,1,0.222222222,0,0.5,0.637878788,0.590277778,0.777777778,West Brom,0.637878788,0.442857143,0.777777778,0.569444445,0.590277778,0.575163399,0,0,2.005934344,1.587464987,0.558227505274726,0.441772494725274
80,Liverpool,Hull,0.571428571,0.5,0.933333333,0.428571429,0.5,0.066666667,0.428571429,0.066666667,0.5,0.420745921,0.244755245,0.611111111,Hull,0.568764569,0.420745921,0.588888889,0.611111111,0.507407407,0.244755245,0,0,1.665060865,1.276612277,0.566025110413168,0.433974889586832
81,Southampton,Stoke,0.666666667,1,0.666666667,0.333333333,0,0.333333333,0.333333333,0.333333333,0,0.583333333,0.301767677,0.638888889,Stoke,0.721139971,0.583333333,0.555555556,0.638888889,0.484848485,0.301767677,1,1,1.761544012,1.523989899,0.536151523532396,0.463848476467604
82,Sunderland,Arsenal,0.375,0,0.5,0.625,1,0.5,0.375,0.5,0,0.402777778,0.696969697,0.416666667,Sunderland,0.402777778,0.430769231,0.416666667,0.333333333,0.696969697,0.75,0,-1,1.516414142,1.514102564,0.500381383477514,0.499618616522486
83,Swansea,Leicester,0.428571429,1,0.5,0.571428571,0,0.5,0.571428571,0.5,0,0.330952381,0.553921569,0.166666667,Leicester,0.476851852,0.330952381,0.444444444,0.166666667,0.488636364,0.553921569,1,1,1.40993266,1.051540617,0.572800311575351,0.427199688424649
84,West Brom,Crystal Palace,0.4,0.5,0.666666667,0.6,0.5,0.333333333,0.4,0.666666667,0.5,0.445286195,0.444444444,0.611111111,West Brom,0.445286195,0.600529101,0.611111111,0.444444444,0.444444444,0.546153846,0,0,1.50084175,1.591127391,0.485399977023898,0.514600022976103
85,West Ham,Man City,0.444444444,0.666666667,0.333333333,0.555555556,0.333333333,0.666666667,0.555555556,0.666666667,0.333333333,0.684011164,0.718614719,0.822222222,Man City,0.579365079,0.684011164,0.694444444,0.822222222,0.58496732,0.718614719,1,1,1.858776843,2.224848105,0.455178148500233,0.544821851499767
86,Burnley,Everton,0.333333333,0.25,0.555555556,0.666666667,0.75,0.444444444,0.333333333,0.555555556,0.25,0.327777778,0.277777778,0.25,Burnley,0.327777778,0.55042735,0.25,0.411111111,0.277777778,0.475980392,0,-1,0.855555556,1.437518853,0.373104140293949,0.626895859706051
87,Man United,Chelsea,0.636363636,0.5,0.363636364,0.363636364,0.5,0.636363636,0.636363636,0.363636364,0.5,0.535449736,0.68627451,0.611111111,Man United,0.535449736,0.814814815,0.611111111,0.888888889,0.68627451,0.572727273,0,0,1.832835357,2.276430977,0.446024961155511,0.553975038844489
88,Tottenham,Newcastle,0.5,0.333333333,0.833333333,0.5,0.666666667,0.166666667,0.5,0.166666667,0.666666667,0.481481482,0.557189543,0.5,Newcastle,0.446616541,0.481481482,0.566666667,0.5,0.496031746,0.557189543,0,-1,1.509314954,1.538671025,0.495184349402809,0.504815650597191
89,QPR,Aston Villa,0.4,1,0.333333333,0.6,0,0.666666667,0.4,0.333333333,1,0.409090909,0.509259259,0.244444444,QPR,0.409090909,0.162037037,0.244444444,0,0.509259259,0.251082251,1,1,1.162794612,0.413119288,0.737854150534493,0.262145849465507
90,Arsenal,Burnley,0.866666667,1,0.947368421,0.133333333,0,0.052631579,0.866666667,0.947368421,1,0.439102564,0.666666667,0.5,Arsenal,0.439102564,0.355555556,0.5,0.333333333,0.666666667,0.407407407,1,1,1.605769231,1.096296296,0.594274718712253,0.405725281287747
91,Chelsea,QPR,0.888888889,0.666666667,0.866666667,0.111111111,0.333333333,0.133333333,0.111111111,0.133333333,0.333333333,0.481818182,0.509259259,0.466666667,QPR,0.63973064,0.481818182,0.722222222,0.466666667,0.512121212,0.509259259,1,1,1.874074074,1.457744108,0.562477893939292,0.437522106060708
92,Everton,Swansea,1,0.5,1,0,0.5,0,0,0,0.5,0.536375661,0.625,0.611111111,Swansea,0.578205128,0.536375661,0.611111111,0.611111111,0.327170868,0.625,0,0,1.516487107,1.772486772,0.461082137709492,0.538917862290508
93,Hull,Southampton,0.25,0,0.636363636,0.75,1,0.363636364,0.75,0.363636364,1,0.670634921,0.484848485,0.666666667,Southampton,0.412087912,0.670634921,0.666666667,0.666666667,0.176068376,0.484848485,0,-1,1.254822955,1.822150073,0.407810839933043,0.592189160066957
94,Leicester,West Brom,0.625,0,0.727272727,0.375,1,0.272727273,0.625,0.727272727,0,0.473809524,0.553921569,0.166666667,Leicester,0.473809524,0.328619529,0.166666667,0.444444444,0.553921569,0.388888889,0,-1,1.19439776,1.161952862,0.506884564991534,0.493115435008466
95,Newcastle,Liverpool,0.5,1,0.777777778,0.5,0,0.222222222,0.5,0.222222222,0,0.554112554,0.551851852,0.588888889,Liverpool,0.564814815,0.554112554,0.722222222,0.588888889,0.33496732,0.551851852,1,1,1.622004357,1.694853295,0.489018380400486,0.510981619599514
96,Stoke,West Ham,0.75,0.5,0.818181818,0.25,0.5,0.181818182,0.75,0.818181818,0.5,0.444444444,0.357323232,0.305555556,Stoke,0.444444444,0.537037037,0.305555556,0.805555556,0.357323232,0.5,0,0,1.107323232,1.842592593,0.37537451835596,0.62462548164404
97,Aston Villa,Tottenham,0.125,0.333333333,0.25,0.875,0.666666667,0.75,0.125,0.25,0.333333333,0.325,0.412698413,0,Aston Villa,0.325,0.479949875,0,0.511111111,0.412698413,0.690476191,0,-1,0.737698413,1.681537177,0.3049303738955,0.6950696261045
98,Man City,Man United,0.75,1,0.636363636,0.25,0,0.363636364,0.75,0.636363636,1,0.687378168,0.698412698,0.711111111,Man City,0.687378168,0.604713805,0.711111111,0.555555556,0.698412698,0.670231729,1,1,2.096901977,1.83050109,0.533915653990092,0.466084346009908
99,Crystal Palace,Sunderland,0.125,0.25,0.846153846,0.875,0.75,0.153846154,0.125,0.846153846,0.25,0.514814815,0.490598291,0.277777778,Crystal Palace,0.514814815,0.277777778,0.277777778,0.25,0.490598291,0.560606061,0,-1,1.283190884,1.088383839,0.541071243320044,0.458928756679956
100,Burnley,Hull,0.75,1,0.875,0.25,0,0.125,0.75,0.875,1,0.266666667,0.341617934,0.166666667,Burnley,0.266666667,0.328754579,0.166666667,0.333333333,0.341617934,0.234343434,1,1,0.774951268,0.896431346,0.463658806492766,0.536341193507234
101,Liverpool,Chelsea,0.444444444,0.333333333,0.416666667,0.555555556,0.666666667,0.583333333,0.444444444,0.416666667,0.333333333,0.508658009,0.459259259,0.366666667,Liverpool,0.508658009,0.602693603,0.366666667,0.611111111,0.459259259,0.634343434,0,-1,1.334583935,1.848148148,0.41932022557866,0.580679774421339
102,Man United,Crystal Palace,0.833333333,1,0.733333333,0.166666667,0,0.266666667,0.833333333,0.733333333,1,0.554713805,0.575757576,0.333333333,Man United,0.554713805,0.389814815,0.333333333,0.361111111,0.575757576,0.593162393,1,1,1.463804714,1.344088319,0.521317833976049,0.478682166023951
103,QPR,Man City,0.4,0.5,0.5,0.6,0.5,0.5,0.4,0.5,0.5,0.352188552,0.414814815,0.577777778,QPR,0.352188552,0.645711501,0.577777778,0.711111111,0.414814815,0.577200577,0,0,1.344781145,1.934023189,0.410143762180351,0.589856237819649
104,Southampton,Leicester,1,1,0.764705882,0,0,0.235294118,1,0.764705882,1,0.777777778,0.494949495,1,Southampton,0.777777778,0.482142857,1,0,0.494949495,0.546345811,1,1,2.272727273,1.028488668,0.688451562581377,0.311548437418623
105,West Ham,Aston Villa,0.555555556,0.5,0.866666667,0.444444444,0.5,0.133333333,0.444444444,0.133333333,0.5,0.325,0.496031746,0.111111111,Aston Villa,0.453703704,0.325,0.638888889,0.111111111,0.366161616,0.496031746,0,0,1.458754209,0.932142857,0.610128403160624,0.389871596839376
106,Sunderland,Everton,0.3,0.5,0.555555556,0.7,0.5,0.444444444,0.7,0.444444444,0.5,0.672222222,0.40865235,0.694444444,Everton,0.444444444,0.672222222,0.25,0.694444444,0.3997669,0.40865235,0,0,1.094211344,1.775319016,0.38132070643086,0.61867929356914
107,Swansea,Arsenal,0.555555556,0.666666667,0.375,0.444444444,0.333333333,0.625,0.555555556,0.375,0.666666667,0.351190476,0.375,0.611111111,Swansea,0.351190476,0.727991453,0.611111111,0.833333333,0.375,0.815789474,1,1,1.337301587,2.37711426,0.360030121043149,0.639969878956851
108,Tottenham,Stoke,0.5,0.333333333,0.5,0.5,0.666666667,0.5,0.5,0.5,0.666666667,0.486111111,0.508838384,0.388888889,Stoke,0.581140351,0.486111111,0.4,0.388888889,0.718253968,0.508838384,0,-1,1.699394319,1.383838384,0.551172902825817,0.448827097174183
109,West Brom,Newcastle,0.4,0,0.636363636,0.6,1,0.363636364,0.6,0.363636364,1,0.583333333,0.510893246,0.888888889,Newcastle,0.332407407,0.583333333,0.666666667,0.888888889,0.313131313,0.510893246,0,-1,1.312205387,1.983115468,0.398202616600744,0.601797383399256
110,Arsenal,Man United,0.818181818,0.333333333,0.6875,0.181818182,0.666666667,0.3125,0.181818182,0.3125,0.666666667,0.573232323,0.486868687,0.5,Man United,0.64537037,0.573232323,0.777777778,0.5,0.690789474,0.486868687,0,-1,2.113937622,1.56010101,0.575371636974121,0.424628363025879
112,Everton,West Ham,0.571428571,0.666666667,0.166666667,0.428571429,0.333333333,0.833333333,0.428571429,0.833333333,0.333333333,0.416666667,0.460606061,0.555555556,West Ham,0.805555556,0.416666667,0.75,0.555555556,0.624338624,0.460606061,1,1,2.17989418,1.432828284,0.603393756847412,0.396606243152588
113,Leicester,Sunderland,0.444444444,0.5,0.4,0.555555556,0.5,0.6,0.555555556,0.6,0.5,0.516666667,0.403133903,0.416666667,Sunderland,0.398809524,0.516666667,0,0.416666667,0.487522282,0.403133903,0,0,0.886331806,1.336467237,0.398745810509151,0.601254189490849
114,Man City,Swansea,0.769230769,0.666666667,0.7,0.230769231,0.333333333,0.3,0.769230769,0.7,0.666666667,0.635185185,0.601010101,0.611111111,Man City,0.635185185,0.328042328,0.611111111,0.722222222,0.601010101,0.291666667,1,1,1.847306397,1.341931217,0.579231346353988,0.420768653646012
115,Newcastle,QPR,0.6,1,0.695652174,0.4,0,0.304347826,0.4,0.304347826,0,0.303703704,0.322222222,0.611111111,QPR,0.533333333,0.303703704,0.888888889,0.611111111,0.436026936,0.322222222,1,1,1.858249158,1.237037037,0.600348090913771,0.399651909086229
116,Stoke,Burnley,0.5,0.333333333,1,0.5,0.666666667,0,0.5,1,0.333333333,0.527777778,0.550505051,0.388888889,Stoke,0.527777778,0.405555556,0.388888889,0.416666667,0.550505051,0.494395712,0,-1,1.467171718,1.316617935,0.527041156438985,0.472958843561015
117,Crystal Palace,Liverpool,0.833333333,0.75,0.571428571,0.166666667,0.25,0.428571429,0.166666667,0.428571429,0.25,0.505291005,0.524074074,0.277777778,Liverpool,0.297222222,0.505291005,0.25,0.277777778,0.482051282,0.524074074,1,1,1.029273504,1.307142857,0.440535137992042,0.559464862007958
118,Hull,Tottenham,0.25,0.333333333,0.25,0.75,0.666666667,0.75,0.75,0.75,0.666666667,0.625,0.694444444,0.444444444,Tottenham,0.30952381,0.625,0.166666667,0.444444444,0.276010101,0.694444444,0,-1,0.752200578,1.763888888,0.298956212871009,0.701043787128991
119,Aston Villa,Southampton,0.2,0.5,0.2,0.8,0.5,0.8,0.2,0.2,0.5,0.389814815,0.35,0.277777778,Aston Villa,0.389814815,0.805555556,0.277777778,1,0.35,0.598336304,0,0,1.017592593,2.40389186,0.297412601745936,0.702587398254064
120,Burnley,Aston Villa,0.363636364,0.5,0.166666667,0.636363636,0.5,0.833333333,0.636363636,0.833333333,0.5,0.256481482,0.194444444,0.444444444,Aston Villa,0.461111111,0.256481482,0.555555556,0.444444444,0.309210526,0.194444444,0,0,1.325877193,0.89537037,0.596906538057955,0.403093461942045
121,Liverpool,Stoke,0.428571429,1,0.5,0.571428571,0,0.5,0.428571429,0.5,1,0.37037037,0.355820106,0.194444444,Liverpool,0.37037037,0.583333333,0.194444444,0.5,0.355820106,0.772727273,1,1,0.92063492,1.856060606,0.331557749627029,0.668442250372971
122,Man United,Hull,0.75,1,1,0.25,0,0,0.25,0,0,0.25,0.337121212,0.111111111,Hull,0.421717172,0.25,0.555555556,0.111111111,0.469823232,0.337121212,1,1,1.44709596,0.698232323,0.67453357673372,0.32546642326628
123,QPR,Leicester,0.545454546,0.6,0.6875,0.454545455,0.4,0.3125,0.454545455,0.3125,0.4,0.356481482,0.454188948,0.166666667,Leicester,0.303703704,0.356481482,0.277777778,0.166666667,0.312560387,0.454188948,1,1,0.894041869,0.977337097,0.477744959862929,0.522255040137071
124,Sunderland,Chelsea,0.333333333,0.5,0.2,0.666666667,0.5,0.8,0.666666667,0.8,0.5,0.777777778,0.816666667,0.777777778,Chelsea,0.576851852,0.777777778,0.583333333,0.777777778,0.436467237,0.816666667,0,0,1.596652422,2.372222223,0.402293487402397,0.597706512597603
125,Swansea,Crystal Palace,0.444444444,0.5,0.4,0.555555556,0.5,0.6,0.444444444,0.4,0.5,0.262108262,0.225,0.5,Swansea,0.262108262,0.375,0.5,0.333333333,0.225,0.561416361,0,0,0.987108262,1.269749694,0.437381652387874,0.562618347612126
126,West Brom,Arsenal,0.166666667,0,0.5,0.833333333,1,0.5,0.166666667,0.5,0,0.29537037,0.303030303,0.333333333,West Brom,0.29537037,0.70976431,0.333333333,0.555555556,0.303030303,0.753289474,0,-1,0.931734006,2.01860934,0.31580527983742,0.68419472016258
127,West Ham,Newcastle,0.75,1,0.75,0.25,0,0.25,0.25,0.25,0,0.566666667,0.612355438,1,Newcastle,0.411375661,0.566666667,0.444444444,1,0.627272727,0.612355438,1,1,1.483092832,2.179022105,0.404982600905188,0.595017399094812
128,Southampton,Man City,0.4,0,0.571428571,0.6,1,0.428571429,0.4,0.571428571,0,0.85,0.642780749,0.833333333,Southampton,0.85,0.706410256,0.833333333,0.722222222,0.642780749,0.612121212,0,-1,2.326114082,2.04075369,0.532673349285924,0.467326650714076
129,Tottenham,Everton,0.545454546,0.666666667,0.428571429,0.454545455,0.333333333,0.571428571,0.454545455,0.571428571,0.333333333,0.788888889,0.62962963,0.583333333,Everton,0.708333333,0.788888889,0.555555556,0.583333333,0.666666667,0.62962963,1,1,1.930555556,2.001851852,0.490934777529033,0.509065222470967
130,Burnley,Newcastle,0.333333333,0.5,0.285714286,0.666666667,0.5,0.714285714,0.666666667,0.714285714,0.5,0.483333333,0.436429513,0.666666667,Newcastle,0.537878788,0.483333333,0.722222222,0.666666667,0.347222222,0.436429513,0,0,1.607323232,1.586429513,0.503271029517346,0.496728970482654
131,Crystal Palace,Aston Villa,0.625,0,0.8,0.375,1,0.2,0.625,0.8,0,0.518518519,0.479365079,0.416666667,Crystal Palace,0.518518519,0.426936027,0.416666667,0.5,0.479365079,0.388888889,0,-1,1.414550265,1.315824916,0.518079081161997,0.481920918838003
132,Leicester,Liverpool,0.571428571,0.25,0.636363636,0.428571429,0.75,0.363636364,0.428571429,0.363636364,0.75,0.346560847,0.448412698,0.527777778,Liverpool,0.2996633,0.346560847,0.3,0.527777778,0.315931373,0.448412698,0,-1,0.915594673,1.322751323,0.409049661954049,0.590950338045951
133,Man United,Stoke,0.428571429,0.666666667,0.5,0.571428571,0.333333333,0.5,0.428571429,0.5,0.666666667,0.588383838,0.681944444,0.888888889,Man United,0.588383838,0.523809524,0.888888889,0.333333333,0.681944444,0.666666667,1,1,2.159217171,1.523809524,0.586261613018257,0.413738386981743
134,Swansea,QPR,0.875,1,0.818181818,0.125,0,0.181818182,0.125,0.181818182,0,0.448484849,0.497282609,0.366666667,QPR,0.41025641,0.448484849,0.5,0.366666667,0.358333333,0.497282609,1,1,1.268589743,1.312434125,0.491506397413912,0.508493602586088
135,West Brom,West Ham,0.454545455,0.333333333,0.7,0.545454546,0.666666667,0.3,0.545454546,0.3,0.666666667,0.578042328,0.816666667,0.611111111,West Ham,0.225925926,0.578042328,0,0.611111111,0.378787879,0.816666667,0,-1,0.604713805,2.005820106,0.231643727151721,0.768356272848279
136,Arsenal,Southampton,0.888888889,1,0.692307692,0.111111111,0,0.307692308,0.888888889,0.692307692,1,0.698653199,0.604166667,0.555555556,Arsenal,0.698653199,0.733333333,0.555555556,0.5,0.604166667,0.712044818,1,1,1.858375422,1.945378151,0.488563569204697,0.511436430795303
137,Chelsea,Tottenham,0.8,1,0.142857143,0.2,0,0.857142857,0.2,0.857142857,0,0.598484849,0.55952381,0.555555556,Tottenham,0.703703704,0.598484849,0.722222222,0.555555556,0.794444444,0.55952381,1,1,2.22037037,1.713564215,0.564414664764946,0.435585335235054
138,Everton,Hull,0.833333333,0.5,0.6,0.166666667,0.5,0.4,0.833333333,0.6,0.5,0.757142857,0.537037037,0.555555556,Everton,0.757142857,0.25,0.555555556,0.111111111,0.537037037,0.125,0,0,1.84973545,0.486111111,0.791890820606003,0.208109179393997
139,Sunderland,Man City,0.333333333,0.2,1,0.666666667,0.8,0,0.666666667,0,0.8,0.656410256,0.542857143,0.722222222,Man City,0.396296296,0.656410256,0.5,0.722222222,0.451851852,0.542857143,0,-1,1.348148148,1.921489621,0.412323395815287,0.587676604184713
140,Hull,West Brom,0.4,0.5,0.6,0.6,0.5,0.4,0.4,0.6,0.5,0.222222222,0.216666667,0.277777778,Hull,0.222222222,0.244107744,0.277777778,0.111111111,0.216666667,0.4,0,0,0.716666667,0.755218855,0.486903808949892,0.513096191050108
141,Liverpool,Sunderland,0.666666667,0.5,0.416666667,0.333333333,0.5,0.583333333,0.666666667,0.416666667,0.5,0.341269841,0.430735931,0.666666667,Liverpool,0.341269841,0.407407407,0.666666667,0.4,0.430735931,0.6,0,0,1.438672439,1.407407407,0.505492648430778,0.494507351569222
142,Man City,Everton,0.6,1,0.611111111,0.4,0,0.388888889,0.6,0.611111111,1,0.678632479,0.376190476,0.822222222,Man City,0.678632479,0.575324675,0.822222222,0.5,0.376190476,0.394179894,1,1,1.877045177,1.469504569,0.560889668304964,0.439110331695036
143,Newcastle,Chelsea,0.272727273,0.666666667,0.090909091,0.727272727,0.333333333,0.909090909,0.727272727,0.909090909,0.333333333,0.785185185,0.647619048,0.833333333,Chelsea,0.505555556,0.785185185,0.5,0.833333333,0.553312629,0.647619048,1,1,1.558868185,2.266137566,0.407546625150159,0.592453374849841
144,QPR,Burnley,0.666666667,1,0.214285714,0.333333333,0,0.785714286,0.333333333,0.785714286,0,0.398989899,0.150793651,0.555555556,Burnley,0.356818182,0.398989899,0.2,0.555555556,0.391222003,0.150793651,1,1,0.948040185,1.105339106,0.461697548599656,0.538302451400344
145,Stoke,Arsenal,0.4,0.6,0.25,0.6,0.4,0.75,0.6,0.75,0.4,0.846801347,0.626602564,0.777777778,Arsenal,0.547619048,0.846801347,0.222222222,0.777777778,0.666666667,0.626602564,1,1,1.436507937,2.251181689,0.38954144266153,0.610458557338469
146,Tottenham,Crystal Palace,0.428571429,0.5,0.142857143,0.571428571,0.5,0.857142857,0.571428571,0.857142857,0.5,0.671296296,0.657142857,0.416666667,Crystal Palace,0.498484849,0.671296296,0.444444445,0.416666667,0.678571429,0.657142857,0,0,1.621500723,1.74510582,0.481642479538186,0.518357520461814
147,Aston Villa,Leicester,0.636363636,0.666666667,0.5,0.363636364,0.333333333,0.5,0.636363636,0.5,0.666666667,0.403787879,0.411111111,0.666666667,Aston Villa,0.403787879,0.49013949,0.666666667,0.383333333,0.411111111,0.449621212,1,1,1.481565657,1.323094035,0.528251488487538,0.471748511512462
148,West Ham,Swansea,0.777777778,0.75,0.636363636,0.222222222,0.25,0.363636364,0.222222222,0.363636364,0.25,0.516737892,0.506060606,0.611111111,Swansea,0.574675325,0.516737892,0.666666667,0.611111111,0.627777778,0.506060606,1,1,1.86911977,1.633909609,0.533572393427535,0.466427606572465
149,Southampton,Man United,0.666666667,0.333333333,0.833333333,0.333333333,0.666666667,0.166666667,0.333333333,0.166666667,0.666666667,0.453463204,0.604166667,0.777777778,Man United,0.437037037,0.453463204,0.166666667,0.777777778,0.55970696,0.604166667,0,-1,1.163410664,1.835407649,0.387956368999271,0.612043631000729
150,Arsenal,Newcastle,0.5,0.8,0.6,0.5,0.2,0.4,0.5,0.6,0.8,0.774074074,0.647435897,0.8,Arsenal,0.774074074,0.396464647,0.8,0.388888889,0.647435897,0.351731602,1,1,2.221509971,1.137085138,0.66144024477587,0.33855975522413
151,Burnley,Southampton,0.333333333,1,0.285714286,0.666666667,0,0.714285714,0.333333333,0.285714286,1,0.343434343,0.412698413,0.333333333,Burnley,0.343434343,0.392592593,0.333333333,0.111111111,0.412698413,0.570818071,1,1,1.089466089,1.074521775,0.503452956980169,0.496547043019831
152,Chelsea,Hull,1,1,0.555555556,0,0,0.444444444,0,0.444444444,0,0.272222222,0.333333333,0.333333333,Hull,0.731313131,0.272222222,0.611111111,0.333333333,0.617316017,0.333333333,1,1,1.959740259,0.938888888,0.676092097199904,0.323907902800096
153,Crystal Palace,Stoke,0.5,0.5,0.529411765,0.5,0.5,0.470588235,0.5,0.470588235,0.5,0.514285714,0.416666667,0.311111111,Stoke,0.583994709,0.514285714,0.333333333,0.311111111,0.752380952,0.416666667,0,0,1.669708994,1.242063492,0.57343387988865,0.42656612011135
154,Leicester,Man City,0.2,0,0.8,0.8,1,0.2,0.8,0.2,1,0.622222222,0.346560847,0.933333333,Man City,0.463203463,0.622222222,0.327777778,0.933333333,0.482954546,0.346560847,0,-1,1.273935787,1.902116402,0.40110669195304,0.59889330804696
155,Sunderland,West Ham,0.333333333,0.5,0.428571429,0.666666667,0.5,0.571428571,0.333333333,0.428571429,0.5,0.333333333,0.594444444,0.4,Sunderland,0.333333333,0.691077441,0.4,0.805555556,0.594444444,0.562121212,0,0,1.327777777,2.058754209,0.392075959267198,0.607924040732802
156,West Brom,Aston Villa,0.714285714,1,0.666666667,0.285714286,0,0.333333333,0.714285714,0.666666667,1,0.407070707,0.533333333,0.277777778,West Brom,0.407070707,0.549242424,0.277777778,0.722222222,0.533333333,0.511111111,1,1,1.218181818,1.782575757,0.405958091432961,0.594041908567039
157,Man United,Liverpool,0.4,1,0.222222222,0.6,0,0.777777778,0.6,0.777777778,0,0.507936508,0.426767677,0.75,Liverpool,0.503968254,0.507936508,0.777777778,0.75,0.555555556,0.426767677,1,1,1.837301588,1.684704185,0.521663423179176,0.478336576820824
158,Swansea,Tottenham,0.428571429,0.333333333,0.4375,0.571428571,0.666666667,0.5625,0.428571429,0.4375,0.333333333,0.513888889,0.527272727,0.583333333,Swansea,0.513888889,0.391341991,0.583333333,0.388888889,0.527272727,0.476190476,0,-1,1.624494949,1.256421356,0.563881340870817,0.436118659129183
159,Everton,QPR,0.555555556,0.75,0.111111111,0.444444444,0.25,0.888888889,0.555555556,0.111111111,0.75,0.61976912,0.446031746,0.5,Everton,0.61976912,0.445707071,0.5,0.533333333,0.446031746,0.361201299,1,1,1.565800866,1.340241703,0.538808647437952,0.461191352562048
160,Aston Villa,Man United,0.307692308,0.5,0.25,0.692307692,0.5,0.75,0.307692308,0.25,0.5,0.432359307,0.344444444,0.555555556,Aston Villa,0.432359307,0.387301587,0.555555556,0.777777778,0.344444444,0.296296296,0,0,1.332359307,1.461375661,0.47690970054823,0.52309029945177
161,Hull,Swansea,0.5,0,0.444444444,0.5,1,0.555555556,0.5,0.444444444,0,0.188888889,0.481481482,0.333333333,Hull,0.188888889,0.508597884,0.333333333,0.527777778,0.481481482,0.539772727,0,-1,1.003703704,1.576148389,0.389054747256009,0.610945252743991
162,Man City,Crystal Palace,0.75,1,0.571428571,0.25,0,0.428571429,0.25,0.428571429,0,0.565476191,0.728851541,0.333333333,Crystal Palace,0.688888889,0.565476191,0.933333333,0.333333333,0.27037037,0.728851541,1,1,1.892592592,1.627661065,0.537629607524615,0.462370392475385
163,QPR,West Brom,0.538461539,0.6,0.3125,0.461538462,0.4,0.6875,0.461538462,0.6875,0.4,0.58961039,0.588888889,0.611111111,West Brom,0.412037037,0.58961039,0.416666667,0.611111111,0.428330928,0.588888889,1,1,1.257034632,1.78961039,0.412596355309818,0.587403644690182
164,Southampton,Everton,0.428571429,1,0.4,0.571428571,0,0.6,0.571428571,0.6,0,0.562626263,0.52010582,0.277777778,Everton,0.481481482,0.562626263,0.111111111,0.277777778,0.618437118,0.52010582,1,1,1.211029711,1.360509861,0.470935669894486,0.529064330105514
165,Tottenham,Burnley,0.545454546,0.666666667,0.6,0.454545455,0.333333333,0.4,0.545454546,0.6,0.666666667,0.4,0.520833333,0.388888889,Tottenham,0.4,0.333333333,0.388888889,0.5,0.520833333,0.452380952,1,1,1.309722222,1.285714285,0.504625028763996,0.495374971236004
166,West Ham,Leicester,0.333333333,1,0.692307692,0.666666667,0,0.307692308,0.333333333,0.692307692,1,0.663299663,0.502597403,0.638888889,West Ham,0.663299663,0.378354978,0.638888889,0.194444444,0.502597403,0.645454546,1,1,1.804785955,1.218253968,0.597010294594115,0.402989705405885
167,Liverpool,Arsenal,0.769230769,0.5,0.625,0.230769231,0.5,0.375,0.230769231,0.375,0.5,0.662962963,0.680769231,0.733333333,Arsenal,0.565079365,0.662962963,0.416666667,0.733333333,0.519360269,0.680769231,0,0,1.501106301,2.077065527,0.419517668003953,0.580482331996048
168,Newcastle,Sunderland,0.7,0,0.875,0.3,1,0.125,0.3,0.125,1,0.333333333,0.670634921,0.4,Sunderland,0.47979798,0.333333333,0.455555556,0.4,0.401731602,0.670634921,0,-1,1.337085138,1.403968254,0.487799742209472,0.512200257790528
169,Stoke,Chelsea,0.25,0,0.545454546,0.75,1,0.454545455,0.25,0.545454546,0,0.490476191,0.406862745,0.477777778,Stoke,0.490476191,0.842424242,0.477777778,0.777777778,0.406862745,0.535834536,0,-1,1.375116714,2.156036556,0.38942425005528,0.61057574994472
170,Arsenal,QPR,0.714285714,0.666666667,0.75,0.285714286,0.333333333,0.25,0.285714286,0.25,0.333333333,0.54985755,0.471891534,0.616666667,QPR,0.443589744,0.54985755,0.566666667,0.616666667,0.575,0.471891534,1,1,1.585256411,1.638415751,0.491754847061275,0.508245152938725
171,Burnley,Liverpool,0,0,0.8,1,1,0.2,0,0.8,0,0.373737374,0.490476191,0.444444444,Burnley,0.373737374,0.678632479,0.444444444,0.333333333,0.490476191,0.606481482,0,-1,1.308658009,1.618447294,0.447082654545688,0.552917345454312
172,Chelsea,West Ham,1,1,0.571428571,0,0,0.428571429,0,0.428571429,0,0.592592593,0.633366633,0.75,West Ham,0.825757576,0.592592593,0.777777778,0.75,0.63973064,0.633366633,1,1,2.243265994,1.975959226,0.531677233859538,0.468322766140462
173,Crystal Palace,Southampton,0.4,0.25,0.666666667,0.6,0.75,0.333333333,0.6,0.333333333,0.75,0.587301587,0.649206349,0.444444444,Southampton,0.440476191,0.587301587,0.333333333,0.444444444,0.605042017,0.649206349,0,-1,1.378851541,1.68095238,0.450633954527833,0.549366045472167
174,Everton,Stoke,0.714285714,0,0.75,0.285714286,1,0.25,0.285714286,0.25,1,0.383333333,0.42201426,0.366666667,Stoke,0.596296296,0.383333333,0.416666667,0.366666667,0.366666667,0.42201426,0,-1,1.37962963,1.17201426,0.540682669477048,0.459317330522952
175,Leicester,Tottenham,0.666666667,0.333333333,0.916666667,0.333333333,0.666666667,0.083333333,0.333333333,0.083333333,0.666666667,0.515151515,0.435119048,0.611111111,Tottenham,0.41010101,0.515151515,0.111111111,0.611111111,0.535897436,0.435119048,0,-1,1.057109557,1.561381674,0.403709412689647,0.596290587310353
176,Man United,Newcastle,0.5,0.75,0.444444444,0.5,0.25,0.555555556,0.5,0.555555556,0.25,0.490909091,0.45530303,0.288888889,Newcastle,0.475213675,0.490909091,0.722222222,0.288888889,0.37962963,0.45530303,1,1,1.577065527,1.23510101,0.560800900746939,0.439199099253061
177,Sunderland,Hull,0.375,0.25,0.714285714,0.625,0.75,0.285714286,0.625,0.285714286,0.75,0.3,0.496296296,0.166666667,Hull,0.322222222,0.3,0.666666667,0.166666667,0.378968254,0.496296296,0,-1,1.367857143,0.962962963,0.586856591582877,0.413143408417123
178,Swansea,Aston Villa,0.4,1,1,0.6,0,0,0.4,1,1,0.383597884,0.45223064,0.527777778,Swansea,0.383597884,0.40992341,0.527777778,0.388888889,0.45223064,0.361111111,1,1,1.363606302,1.15992341,0.540356745361752,0.459643254638248
179,West Brom,Man City,0.545454546,0.25,0.625,0.454545455,0.75,0.375,0.545454546,0.625,0.25,0.591941392,0.584722222,0.633333333,West Brom,0.591941392,0.716666667,0.633333333,1,0.584722222,0.460846561,0,-1,1.809996947,2.177513228,0.453916571385301,0.546083428614699
180,Aston Villa,Sunderland,0.5,0.5,0.5,0.5,0.5,0.5,0.5,0.5,0.5,0.336111111,0.422619048,0.583333333,Sunderland,0.397802198,0.336111111,0.166666667,0.583333333,0.194444444,0.422619048,0,0,0.758913309,1.342063492,0.3612192712641,0.6387807287359
181,Hull,Leicester,0.714285714,0,0.875,0.285714286,1,0.125,0.714285714,0.875,0,0.375,0.391534392,0.25,Hull,0.375,0.511111111,0.25,0.111111111,0.391534392,0.674786325,0,-1,1.016534392,1.297008547,0.439384277189765,0.560615722810235
182,Man City,Burnley,0.666666667,0.5,0.769230769,0.333333333,0.5,0.230769231,0.666666667,0.769230769,0.5,0.668181818,0.382142857,0.916666667,Man City,0.668181818,0.262626263,0.916666667,0.444444444,0.382142857,0.495238095,0,0,1.966991342,1.202308802,0.620639022064172,0.379360977935828
183,Newcastle,Everton,0.75,0.6,0.727272727,0.25,0.4,0.272727273,0.25,0.272727273,0.4,0.508994709,0.366666667,0.25,Everton,0.566666667,0.508994709,0.15,0.25,0.610185185,0.366666667,1,1,1.326851852,1.125661376,0.541017205066019,0.458982794933981
184,QPR,Crystal Palace,0.5,0.5,0.692307692,0.5,0.5,0.307692308,0.5,0.307692308,0.5,0.383333333,0.541549953,0.25,Crystal Palace,0.422873423,0.383333333,0.394444444,0.25,0.483796296,0.541549953,0,0,1.301114163,1.174883286,0.525490914187125,0.474509085812875
185,Southampton,Chelsea,0.5,0.5,0.4,0.5,0.5,0.6,0.5,0.6,0.5,0.916666667,0.527176527,1,Chelsea,0.565079365,0.916666667,0.583333333,1,0.482539683,0.527176527,0,0,1.630952381,2.443843194,0.400253792118148,0.599746207881852
186,Stoke,West Brom,0.428571429,1,0.625,0.571428571,0,0.375,0.428571429,0.625,1,0.345238095,0.42201426,0.5,Stoke,0.345238095,0.573759574,0.5,0.55,0.42201426,0.659722222,1,1,1.267252355,1.783481796,0.415392588234739,0.584607411765261
187,Tottenham,Man United,0.444444444,0.5,0.333333333,0.555555556,0.5,0.666666667,0.444444444,0.333333333,0.5,0.483405483,0.415277778,0.666666667,Tottenham,0.483405483,0.530769231,0.666666667,0.75,0.415277778,0.472222222,0,0,1.565349928,1.752991453,0.471726609252082,0.528273390747918
188,West Ham,Arsenal,0.363636364,0.333333333,0.466666667,0.636363636,0.666666667,0.533333333,0.363636364,0.466666667,0.333333333,0.333333333,0.564102564,0.5,West Ham,0.333333333,0.481684982,0.5,0.655555556,0.564102564,0.575,0,-1,1.397435897,1.712240538,0.449383055185933,0.550616944814067
189,Liverpool,Swansea,0.733333333,0.8,0.666666667,0.266666667,0.2,0.333333333,0.266666667,0.333333333,0.2,0.442857143,0.664351852,0.777777778,Swansea,0.78974359,0.442857143,0.5,0.777777778,0.534259259,0.664351852,1,1,1.824002849,1.884986773,0.491778903392143,0.508221096607857
190,Aston Villa,Crystal Palace,1,0.5,0.714285714,0,0.5,0.285714286,1,0.714285714,0.5,0.469230769,0.25,0.333333333,Aston Villa,0.469230769,0.383333333,0.333333333,0.25,0.25,0.467643468,0,0,1.052564102,1.100976801,0.48875974472262,0.51124025527738
191,Hull,Everton,0.625,1,0.333333333,0.375,0,0.666666667,0.625,0.333333333,1,0.613095238,0.53505291,0.25,Hull,0.613095238,0.613756614,0.25,0.25,0.53505291,0.487037037,1,1,1.398148148,1.350793651,0.508613222916765,0.491386777083235
192,Liverpool,Leicester,0.666666667,0.5,0.444444444,0.333333333,0.5,0.555555556,0.666666667,0.444444444,0.5,0.834188034,0.497222222,0.766666667,Liverpool,0.834188034,0.53968254,0.766666667,0.444444444,0.497222222,0.449786325,0,0,2.098076923,1.433913309,0.594021156681387,0.405978843318613
193,Man City,Sunderland,0.75,0.6,0.714285714,0.25,0.4,0.285714286,0.25,0.285714286,0.4,0.391666667,0.446428571,0.583333333,Sunderland,0.623737374,0.391666667,0.75,0.583333333,0.571886447,0.446428571,1,1,1.945623821,1.421428571,0.577841861214496,0.422158138785504
194,Newcastle,Burnley,0.5,0.5,0.5,0.5,0.5,0.5,0.5,0.5,0.5,0.262626263,0.476923077,0.277777778,Burnley,0.65,0.262626263,0.283333333,0.277777778,0.719276094,0.476923077,0,0,1.652609427,1.017327118,0.618969551952404,0.381030448047596
195,QPR,Swansea,0.5,0.5,0.307692308,0.5,0.5,0.692307692,0.5,0.692307692,0.5,0.388888889,0.62962963,0.733333333,Swansea,0.441391941,0.388888889,0.477777778,0.733333333,0.418269231,0.62962963,0,0,1.33743895,1.751851852,0.432927502044853,0.567072497955147
196,Southampton,Arsenal,0.5,1,0.222222222,0.5,0,0.777777778,0.5,0.222222222,1,0.50952381,0.377777778,0.75,Southampton,0.50952381,0.527139527,0.75,0.611111111,0.377777778,0.552777778,1,1,1.637301588,1.691028416,0.491928861030091,0.508071138969908
197,Stoke,Man United,0.5,0.5,0.611111111,0.5,0.5,0.388888889,0.5,0.611111111,0.5,0.321428571,0.473484849,0.666666667,Stoke,0.321428571,0.582621083,0.666666667,0.583333333,0.473484849,0.62037037,0,0,1.461580087,1.786324786,0.45000704889795,0.54999295110205
198,Tottenham,Chelsea,0.533333333,0.625,0.625,0.466666667,0.375,0.375,0.533333333,0.625,0.625,0.441077441,0.338888889,0.611111111,Tottenham,0.441077441,0.75,0.611111111,0.833333333,0.338888889,0.541991342,1,1,1.391077441,2.125324675,0.395596804663053,0.604403195336946
199,West Ham,West Brom,0.5,0.5,0,0.5,0.5,1,0.5,0,0.5,0.232323232,0.529181929,0.444444444,West Ham,0.232323232,0.526140526,0.444444444,0.216666667,0.529181929,0.5625,0,0,1.205949605,1.305307193,0.480217557185086,0.519782442814914
200,Burnley,QPR,0.5,0.666666667,0.625,0.5,0.333333333,0.375,0.5,0.625,0.666666667,0.277777778,0.51025641,0.333333333,Burnley,0.277777778,0.428571429,0.333333333,0.444444444,0.51025641,0.416666667,1,1,1.121367521,1.28968254,0.465095079998009,0.534904920001991
201,Chelsea,Newcastle,0.5,1,0.636363636,0.5,0,0.363636364,0.5,0.363636364,0,0.583333333,0.594276094,0.45,Newcastle,0.655555556,0.583333333,0.625,0.45,0.515476191,0.594276094,1,1,1.796031747,1.627609427,0.524596958536286,0.475403041463714
202,Crystal Palace,Tottenham,0.583333333,0.666666667,0.4,0.416666667,0.333333333,0.6,0.416666667,0.6,0.333333333,0.437037037,0.347222222,0.597222222,Tottenham,0.3,0.437037037,0.416666667,0.597222222,0.42002442,0.347222222,1,1,1.136691087,1.381481481,0.451395230590885,0.548604769409115
203,Everton,Man City,0.666666667,0.5,0.307692308,0.333333333,0.5,0.692307692,0.333333333,0.692307692,0.5,0.623737374,0.619505495,0.616666667,Man City,0.511904762,0.623737374,0.133333333,0.616666667,0.540909091,0.619505495,0,0,1.186147186,1.859909536,0.389404168817051,0.610595831182949
204,Leicester,Aston Villa,0.75,1,0.5,0.25,0,0.5,0.75,0.5,1,0.428571429,0.532407407,0.611111111,Leicester,0.428571429,0.7,0.611111111,0.333333333,0.532407407,0.404761905,1,1,1.572089947,1.438095238,0.522256887992756,0.477743112007243
205,Sunderland,Liverpool,0.2,0,0.5,0.8,1,0.5,0.2,0.5,0,0.375,0.5,0.383333333,Sunderland,0.375,0.8,0.383333333,0.766666667,0.5,0.437037037,0,-1,1.258333333,2.003703704,0.385750780486923,0.614249219513077
206,Swansea,West Ham,0.375,0.5,0.444444444,0.625,0.5,0.555555556,0.375,0.444444444,0.5,0.388888889,0.675213675,0.566666667,Swansea,0.388888889,0.287878788,0.566666667,0.277777778,0.675213675,0.298412698,0,0,1.630769231,0.864069264,0.653657234433526,0.346342765566474
207,West Brom,Hull,0.6,1,0.714285714,0.4,0,0.285714286,0.6,0.714285714,1,0.538961039,0.666666667,0.25,West Brom,0.538961039,0.654761905,0.25,0.583333333,0.666666667,0.498015873,1,1,1.455627706,1.736111111,0.456061034269772,0.543938965730228
208,Arsenal,Stoke,0.75,1,0.9,0.25,0,0.1,0.75,0.9,1,0.616883117,0.687037037,0.444444445,Arsenal,0.616883117,0.404761905,0.444444445,0.833333333,0.687037037,0.49537037,1,1,1.748364599,1.733465608,0.502139534399186,0.497860465600814
209,Man United,Southampton,0,0,0.375,1,1,0.625,0,0.375,0,0.518518519,0.5,0.583333333,Man United,0.518518519,0.533333333,0.583333333,0.75,0.5,0.318518519,0,-1,1.601851852,1.601851852,0.5,0.5
210,Aston Villa,Liverpool,0.444444444,0,0.642857143,0.555555556,1,0.357142857,0.444444444,0.642857143,0,0.583333333,0.571428571,0.333333333,Aston Villa,0.583333333,0.733333333,0.333333333,0.766666667,0.571428571,0.537037037,0,-1,1.488095237,2.037037037,0.42213883659788,0.57786116340212
211,Burnley,Crystal Palace,0.5,0.4,0.416666667,0.5,0.6,0.583333333,0.5,0.416666667,0.4,0.444444444,0.451923077,0.555555556,Burnley,0.444444444,0.361111111,0.555555556,0.555555556,0.451923077,0.331135531,0,-1,1.451923077,1.247802198,0.537804009335728,0.462195990664272
212,Leicester,Stoke,0.5,0,0.545454546,0.5,1,0.454545455,0.5,0.545454546,0,0.456349206,0.393518519,0.833333333,Leicester,0.456349206,0.392857143,0.833333333,0.5,0.393518519,0.44537037,0,-1,1.683201058,1.338227513,0.557087820693677,0.442912179306323
213,Newcastle,Southampton,0.5,0.333333333,1,0.5,0.666666667,0,0.5,0,0.666666667,0.666666667,0.415740741,0.833333333,Southampton,0.583333333,0.666666667,0.366666667,0.833333333,0.53030303,0.415740741,0,-1,1.48030303,1.915740741,0.435890444829016,0.564109555170984
214,QPR,Man United,0.363636364,0,0.5,0.636363636,1,0.5,0.363636364,0.5,0,0.5,0.458333333,0.444444444,QPR,0.5,0.351851852,0.444444444,0.333333333,0.458333333,0.476851852,0,-1,1.402777777,1.162037037,0.546931407812744,0.453068592187257
215,Swansea,Chelsea,0,0,0.333333333,1,1,0.666666667,0,0.333333333,0,0.380555556,0.49002849,0.4,Swansea,0.380555556,0.488888889,0.4,0.625,0.49002849,0.537121212,0,-1,1.270584046,1.651010101,0.434894096192205,0.565105903807795
216,Tottenham,Sunderland,0.666666667,0.666666667,0.5,0.333333333,0.333333333,0.5,0.666666667,0.5,0.666666667,0.464814815,0.519444444,0.486111111,Tottenham,0.464814815,0.316666667,0.486111111,0.3,0.519444444,0.428571429,1,1,1.47037037,1.045238096,0.584498895544741,0.415501104455259
217,Man City,Arsenal,0.571428571,0,0.842105263,0.428571429,1,0.157894737,0.571428571,0.842105263,0,0.583333333,0.725274725,0.533333333,Man City,0.583333333,0.628787879,0.533333333,0.555555556,0.725274725,0.737037037,0,-1,1.841941391,1.921380472,0.489445616945361,0.510554383054639
218,West Ham,Hull,0.666666667,1,0.363636364,0.333333333,0,0.636363636,0.333333333,0.636363636,0,0.579761905,0.498015873,0.333333333,Hull,0.496212121,0.579761905,0.444444444,0.333333333,0.340740741,0.498015873,1,1,1.281397306,1.411111111,0.475912089228578,0.524087910771423
219,Everton,West Brom,1,0.5,0.888888889,0,0.5,0.111111111,0,0.111111111,0.5,0.557142857,0.696428571,0.5,West Brom,0.446428571,0.557142857,0.133333333,0.5,0.563131313,0.696428571,0,0,1.142893217,1.753571428,0.394582139634575,0.605417860365425
220,Chelsea,Man City,0.285714286,0.5,0.2,0.714285714,0.5,0.8,0.285714286,0.2,0.5,0.655555556,0.559343434,0.791666667,Chelsea,0.655555556,0.551587302,0.791666667,0.366666667,0.559343434,0.749566223,0,0,2.006565657,1.667820192,0.546095521662782,0.453904478337218
221,Crystal Palace,Everton,0.6,0,0.857142857,0.4,1,0.142857143,0.6,0.857142857,0,0.361111111,0.423015873,0.588888889,Crystal Palace,0.361111111,0.430555556,0.588888889,0.3,0.423015873,0.415695416,0,-1,1.373015873,1.146250972,0.545006129749626,0.454993870250374
222,Hull,Newcastle,0.615384615,0,0.5,0.384615385,1,0.5,0.615384615,0.5,0,0.452777778,0.418470419,0.333333333,Hull,0.452777778,0.5,0.333333333,0.277777778,0.418470419,0.621212121,0,-1,1.20458153,1.398989899,0.462665059457449,0.537334940542551
223,Liverpool,West Ham,0.777777778,1,0.416666667,0.222222222,0,0.583333333,0.222222222,0.583333333,0,0.597222222,0.306397306,0.666666667,West Ham,0.674074074,0.597222222,0.833333333,0.666666667,0.433862434,0.306397306,1,1,1.941269841,1.570286195,0.552823255872429,0.447176744127571
224,Man United,Leicester,0.833333333,0.75,0.571428571,0.166666667,0.25,0.428571429,0.166666667,0.428571429,0.25,0.527777778,0.533670034,0.5,Leicester,0.378787879,0.527777778,0.5,0.5,0.421296296,0.533670034,1,1,1.300084175,1.561447812,0.454331519237356,0.545668480762644
225,Stoke,QPR,0.428571429,0.75,0.375,0.571428571,0.25,0.625,0.428571429,0.375,0.75,0.416666667,0.388552189,0.5,Stoke,0.416666667,0.454545455,0.5,0.277777778,0.388552189,0.394230769,1,1,1.305218856,1.126554002,0.536735514464731,0.463264485535269
226,Sunderland,Burnley,0.428571429,1,0.666666667,0.571428571,0,0.333333333,0.428571429,0.666666667,1,0.261111111,0.428571429,0.244444444,Sunderland,0.261111111,0.5,0.244444444,0.522222222,0.428571429,0.513888889,1,1,0.934126984,1.536111111,0.37815261042681,0.62184738957319
227,West Brom,Tottenham,0.5,0,0.666666667,0.5,1,0.333333333,0.5,0.333333333,1,0.538888889,0.575,0.541666667,Tottenham,0.366666667,0.538888889,0.666666667,0.541666667,0.608465609,0.575,0,-1,1.641798943,1.655555556,0.497913992413589,0.502086007586411
228,Arsenal,Aston Villa,0.8,1,0.5,0.2,0,0.5,0.2,0.5,0,0.564814815,0.619047619,0.166666667,Aston Villa,0.55952381,0.564814815,0.666666667,0.166666667,0.611890838,0.619047619,1,1,1.838081315,1.350529101,0.576452145353589,0.423547854646411
229,Southampton,Swansea,0.857142857,0,1,0.142857143,1,0,0.857142857,1,0,0.666666667,0.282407407,0.888888889,Southampton,0.666666667,0.291666667,0.888888889,0.333333333,0.282407407,0.49002849,0,-1,1.837962963,1.11502849,0.622407139422222,0.377592860577778
230,Aston Villa,Chelsea,0.166666667,0.333333333,0.5,0.833333333,0.666666667,0.5,0.166666667,0.5,0.333333333,0.298148148,0.547619048,0,Aston Villa,0.298148148,0.595238095,0,0.833333333,0.547619048,0.501010101,0,-1,0.845767196,1.929581529,0.304742675535306,0.695257324464694
231,Everton,Liverpool,0.142857143,0.5,0.333333333,0.857142857,0.5,0.666666667,0.857142857,0.666666667,0.5,0.711111111,0.424603175,1,Liverpool,0.680555556,0.711111111,0.333333333,1,0.621082621,0.424603175,0,0,1.63497151,2.135714286,0.433600569884238,0.566399430115762
232,Leicester,Crystal Palace,0.714285714,0,0.571428571,0.285714286,1,0.428571429,0.285714286,0.428571429,1,0.561111111,0.613492064,0.422222222,Crystal Palace,0.472222222,0.561111111,0.416666667,0.422222222,0.491341991,0.613492064,0,-1,1.38023088,1.596825397,0.463622703629529,0.536377296370471
233,Man City,Hull,0.625,0.5,0.928571429,0.375,0.5,0.071428571,0.375,0.071428571,0.5,0.44957265,0.474025974,0,Hull,0.53968254,0.44957265,0.333333333,0,0.778137652,0.474025974,0,0,1.651153525,0.923598624,0.641286395524046,0.358713604475955
234,QPR,Southampton,0.375,0,0.428571429,0.625,1,0.571428571,0.625,0.571428571,1,0.785714286,0.541666667,0.555555556,Southampton,0.478354978,0.785714286,0.194444444,0.555555556,0.5,0.541666667,0,-1,1.172799422,1.882936509,0.383802608760174,0.616197391239826
235,Swansea,Sunderland,0.875,0.5,0.875,0.125,0.5,0.125,0.125,0.125,0.5,0.320634921,0.555555556,0.444444444,Sunderland,0.172619048,0.320634921,0.5,0.444444444,0.259259259,0.555555556,0,0,0.931878307,1.320634921,0.413706030853107,0.586293969146893
236,Tottenham,Arsenal,0.727272727,0.666666667,0.769230769,0.272727273,0.333333333,0.230769231,0.727272727,0.769230769,0.666666667,0.527777778,0.477777778,0.666666667,Tottenham,0.527777778,0.65952381,0.666666667,1,0.477777778,0.519298246,1,1,1.672222223,2.178822056,0.434225654614967,0.565774345385033
237,Burnley,West Brom,0.5,0.5,0.454545455,0.5,0.5,0.545454546,0.5,0.545454546,0.5,0.366666667,0.497354497,0.5,West Brom,0.523809524,0.366666667,0.355555556,0.5,0.458333333,0.497354497,0,0,1.337698413,1.364021164,0.495128519032085,0.504871480967915
238,Newcastle,Stoke,0.5,0.5,0.384615385,0.5,0.5,0.615384615,0.5,0.384615385,0.5,0.461538462,0.621212121,0.444444444,Newcastle,0.461538462,0.392857143,0.444444444,0.583333333,0.621212121,0.309848485,0,0,1.527195027,1.286038961,0.542861003924427,0.457138996075573
239,West Ham,Man United,0.5,0.5,0.5,0.5,0.5,0.5,0.5,0.5,0.5,0.50462963,0.500841751,0.5,West Ham,0.50462963,0.48989899,0.5,0.583333333,0.500841751,0.482142857,0,0,1.505471381,1.55537518,0.491848039748896,0.508151960251104
240,Arsenal,Leicester,0.636363636,0.666666667,0.5,0.363636364,0.333333333,0.5,0.363636364,0.5,0.333333333,0.46031746,0.515151515,0.083333333,Leicester,0.5004329,0.46031746,0.777777778,0.083333333,0.296221323,0.515151515,1,1,1.574432001,1.058802308,0.597908053840415,0.402091946159585
241,Hull,Aston Villa,0.5,1,0.3,0.5,0,0.7,0.5,0.7,0,0.27037037,0.547619048,0.111111111,Aston Villa,0.441239316,0.27037037,0.166666667,0.111111111,0.402597403,0.547619048,1,1,1.010503386,0.929100529,0.520984402116965,0.479015597883035
242,Liverpool,Tottenham,0.583333333,0.6,0.416666667,0.416666667,0.4,0.583333333,0.583333333,0.416666667,0.6,0.73015873,0.48015873,0.833333333,Liverpool,0.73015873,0.631313131,0.833333333,0.777777778,0.48015873,0.534188034,1,1,2.043650793,1.943278943,0.51258761210333,0.48741238789667
243,Sunderland,QPR,0.555555556,0,0.666666667,0.444444444,1,0.333333333,0.555555556,0.666666667,0,0.295634921,0.430555556,0.611111111,Sunderland,0.295634921,0.436688312,0.611111111,0.083333333,0.430555556,0.517857143,0,-1,1.337301588,1.037878788,0.563031591837301,0.436968408162699
244,Chelsea,Everton,0.636363636,1,0.833333333,0.363636364,0,0.166666667,0.363636364,0.166666667,0,0.688888889,0.446479447,0.666666667,Everton,0.706349206,0.688888889,0.722222222,0.666666667,0.455555556,0.446479447,1,1,1.884126984,1.802035003,0.511135156470268,0.488864843529732
245,Crystal Palace,Newcastle,0.75,0.5,0.714285714,0.25,0.5,0.285714286,0.75,0.714285714,0.5,0.461904762,0.623015873,0.533333333,Crystal Palace,0.461904762,0.461538462,0.533333333,0.611111111,0.623015873,0.628205128,0,0,1.618253968,1.700854701,0.487556789903946,0.512443210096054
246,Man United,Burnley,0.7,0.75,0.384615385,0.3,0.25,0.615384615,0.7,0.384615385,0.75,0.656565657,0.523809524,0.75,Man United,0.656565657,0.523809524,0.75,0.3,0.523809524,0.401515152,1,1,1.930375181,1.225324676,0.611710640578832,0.388289359421168
247,Southampton,West Ham,0.875,0.5,0.8,0.125,0.5,0.2,0.875,0.8,0.5,0.660714286,0.523809524,0.555555556,Southampton,0.660714286,0.462962963,0.555555556,0.5,0.523809524,0.482323232,0,0,1.740079366,1.445286195,0.546273051766695,0.453726948233305
248,Stoke,Man City,0.384615385,0.2,0.6,0.615384615,0.8,0.4,0.384615385,0.6,0.2,0.476190476,0.481643357,0.75,Stoke,0.476190476,0.636904762,0.75,0.333333333,0.481643357,0.856892231,0,-1,1.707833833,1.827130326,0.483126208974952,0.516873791025048
249,West Brom,Swansea,0.571428571,1,0.555555556,0.428571429,0,0.444444444,0.428571429,0.444444444,0,0.339285714,0.402777778,0.5,Swansea,0.333333333,0.339285714,0.333333333,0.5,0.441077441,0.402777778,1,1,1.107744107,1.242063492,0.471419067446807,0.528580932553193
250,Aston Villa,Stoke,0.25,0.333333333,0.785714286,0.75,0.666666667,0.214285714,0.75,0.214285714,0.666666667,0.437728938,0.530128205,0.483333333,Stoke,0.288888889,0.437728938,0.111111111,0.483333333,0.566666667,0.530128205,0,-1,0.966666667,1.451190476,0.399803052797648,0.600196947202352
251,Chelsea,Burnley,0.5,0.5,0.5,0.5,0.5,0.5,0.5,0.5,0.5,0.457142857,0.467754468,0.25,Burnley,0.585137085,0.457142857,0.722222222,0.25,0.511111111,0.467754468,0,0,1.818470418,1.174897325,0.607499837683659,0.392500162316341
252,Crystal Palace,Arsenal,0.428571429,0.333333333,0.909090909,0.571428571,0.666666667,0.090909091,0.571428571,0.090909091,0.666666667,0.56969697,0.41025641,0.666666667,Arsenal,0.545238095,0.56969697,0.5,0.666666667,0.666666667,0.41025641,0,-1,1.711904762,1.646620047,0.509719254540722,0.490280745459278
253,Hull,QPR,0.666666667,0.666666667,0.416666667,0.333333333,0.333333333,0.583333333,0.666666667,0.416666667,0.666666667,0.496794872,0.290476191,0.5,Hull,0.496794872,0.463624339,0.5,0.416666667,0.290476191,0.462301587,1,1,1.287271063,1.342592593,0.489482053589777,0.510517946410223
254,Man City,Newcastle,0.9,1,0.7,0.1,0,0.3,0.9,0.7,1,0.651556777,0.70952381,0.6,Man City,0.651556777,0.378205128,0.6,0.666666667,0.70952381,0.39010989,1,1,1.961080587,1.434981685,0.57745719304643,0.42254280695357
255,Sunderland,West Brom,0.666666667,0.5,0.846153846,0.333333333,0.5,0.153846154,0.666666667,0.846153846,0.5,0.369708995,0.486111111,0.5,Sunderland,0.369708995,0.523809524,0.5,0.5,0.486111111,0.589225589,0,0,1.355820106,1.613035113,0.456681113084619,0.543318886915381
256,Swansea,Man United,0.666666667,0.666666667,0.285714286,0.333333333,0.333333333,0.714285714,0.333333333,0.714285714,0.333333333,0.677777778,0.485347985,0.666666667,Man United,0.482142857,0.677777778,0.5,0.666666667,0.439814815,0.485347985,1,1,1.421957672,1.82979243,0.437289959989675,0.562710040010326
257,Everton,Leicester,0.428571429,0.5,0.363636364,0.571428571,0.5,0.636363636,0.428571429,0.363636364,0.5,0.514285714,0.455026455,0.666666667,Everton,0.514285714,0.414862915,0.666666667,0.194444444,0.455026455,0.5,0,0,1.635978836,1.109307359,0.595922872806345,0.404077127193655
258,Southampton,Liverpool,0.555555556,0,0.857142857,0.444444444,1,0.142857143,0.555555556,0.857142857,0,0.785714286,0.790476191,0.5,Southampton,0.785714286,0.739417989,0.5,0.7,0.790476191,0.5,0,-1,2.076190477,1.939417989,0.517030107536385,0.482969892463615
259,Tottenham,West Ham,0.615384615,0.5,0.4375,0.384615385,0.5,0.5625,0.384615385,0.5625,0.5,0.282407407,0.427777778,0.333333333,West Ham,0.547979798,0.282407407,0.688888889,0.333333333,0.561965812,0.427777778,0,0,1.798834499,1.043518518,0.632868080861611,0.367131919138389
260,Burnley,Swansea,0.75,0,0.6,0.25,1,0.4,0.75,0.6,0,0.433333333,0.523310023,0.416666667,Burnley,0.433333333,0.656746032,0.416666667,0.388888889,0.523310023,0.53505291,0,-1,1.373310023,1.580687831,0.464898788311713,0.535101211688287
261,Man United,Sunderland,0.769230769,1,0.928571429,0.230769231,0,0.071428571,0.769230769,0.928571429,1,0.511111111,0.532967033,0.527777778,Man United,0.511111111,0.449074074,0.527777778,0.333333333,0.532967033,0.545940171,1,1,1.571855922,1.328347578,0.54198125131564,0.45801874868436
262,Newcastle,Aston Villa,0.625,1,0.642857143,0.375,0,0.357142857,0.375,0.357142857,0,0.305555556,0.661904762,0.222222222,Aston Villa,0.283333333,0.305555556,0.333333333,0.222222222,0.323443223,0.661904762,1,1,0.940109889,1.18968254,0.441409160911239,0.558590839088761
263,Stoke,Hull,1,1,0.714285714,0,0,0.285714286,0,0.285714286,0,0.513888889,0.262698413,0.722222222,Hull,0.544871795,0.513888889,0.455555556,0.722222222,0.476556777,0.262698413,1,1,1.476984128,1.498809524,0.496332844519422,0.503667155480578
264,West Brom,Southampton,0.6,1,0.4,0.4,0,0.6,0.6,0.4,1,0.468253968,0.418285418,0.666666667,West Brom,0.468253968,0.685185185,0.666666667,0.5,0.418285418,0.742857143,1,1,1.553206053,1.928042328,0.446163526129623,0.553836473870377
265,West Ham,Crystal Palace,0.5,0.25,0.611111111,0.5,0.75,0.388888889,0.5,0.611111111,0.25,0.336538462,0.420833333,0.5,West Ham,0.336538462,0.488095238,0.5,0.611111111,0.420833333,0.683982684,0,-1,1.257371795,1.783189033,0.41353285335425,0.58646714664575
266,Arsenal,Everton,0.666666667,1,0.470588235,0.333333333,0,0.529411765,0.333333333,0.529411765,0,0.302164502,0.214285714,0.5,Everton,0.493506494,0.302164502,0.555555556,0.5,0.273892774,0.214285714,1,1,1.322954824,1.016450216,0.565509093713844,0.434490906286156
267,Liverpool,Man City,0.833333333,0.666666667,1,0.166666667,0.333333333,0,0.833333333,1,0.666666667,0.628306878,0.408730159,0.7,Liverpool,0.628306878,0.713461539,0.7,0.766666667,0.408730159,0.676190476,1,1,1.737037037,2.156318682,0.446154207929954,0.553845792070046
268,Aston Villa,West Brom,0.888888889,0.666666667,0,0.111111111,0.333333333,1,0.888888889,0,0.666666667,0.375,0.614285714,0.111111111,Aston Villa,0.375,0.501587302,0.111111111,0.833333333,0.614285714,0.36980057,1,1,1.100396825,1.704721205,0.392281826729409,0.607718173270591
269,Hull,Sunderland,0.625,0.5,0.6,0.375,0.5,0.4,0.625,0.6,0.5,0.388888889,0.334126984,0.555555556,Hull,0.388888889,0.484330484,0.555555556,0.166666667,0.334126984,0.528083028,0,0,1.278571429,1.179080179,0.520241121580484,0.479758878419516
270,Southampton,Crystal Palace,0.5,1,0.833333333,0.5,0,0.166666667,0.5,0.833333333,1,0.610185185,0.752380952,0.166666667,Southampton,0.610185185,0.55952381,0.166666667,0.527777778,0.752380952,0.670755171,1,1,1.529232804,1.758056759,0.465195649696406,0.534804350303594
271,Liverpool,Burnley,0.888888889,1,0.545454546,0.111111111,0,0.454545455,0.111111111,0.454545455,0,0.516666667,0.571794872,0.25,Burnley,0.62037037,0.516666667,0.755555556,0.25,0.51984127,0.571794872,1,1,1.895767196,1.338461539,0.586157427730602,0.413842572269398
272,Man City,Leicester,0.818181818,1,0.769230769,0.181818182,0,0.230769231,0.818181818,0.769230769,1,0.560683761,0.366666667,0.711111111,Man City,0.560683761,0.54978355,0.711111111,0.277777778,0.366666667,0.569264069,1,1,1.638461539,1.396825397,0.539804497415726,0.460195502584274
273,Newcastle,Man United,0.285714286,0,0.8,0.714285714,1,0.2,0.285714286,0.8,0,0.325,0.40952381,0.5,Newcastle,0.325,0.600854701,0.5,0.694444444,0.40952381,0.675824176,0,-1,1.23452381,1.971123321,0.385109077684071,0.614890922315928
274,QPR,Arsenal,0.25,0.333333333,0.142857143,0.75,0.666666667,0.857142857,0.25,0.142857143,0.333333333,0.384259259,0.448412698,0.444444444,QPR,0.384259259,0.624819625,0.444444444,0.777777778,0.448412698,0.353832442,0,-1,1.277116401,1.756429845,0.420997834690667,0.579002165309333
275,Stoke,Everton,0.375,1,0.454545455,0.625,0,0.545454546,0.375,0.454545455,1,0.711538462,0.50952381,0.622222222,Stoke,0.711538462,0.311688312,0.622222222,0.333333333,0.50952381,0.287878788,1,1,1.843284494,0.932900433,0.663963151760171,0.336036848239829
276,Tottenham,Swansea,0.583333333,0.6,0.6,0.416666667,0.4,0.4,0.583333333,0.6,0.6,0.586441337,0.596688034,0.522222222,Tottenham,0.586441337,0.448412698,0.522222222,0.555555556,0.596688034,0.376719577,1,1,1.705351593,1.380687831,0.552602011412282,0.447397988587718
277,West Ham,Chelsea,0.625,0,0.555555556,0.375,1,0.444444444,0.625,0.555555556,0,0.336538462,0.45787037,0.416666667,West Ham,0.336538462,0.656565657,0.416666667,0.722222222,0.45787037,0.611111111,0,-1,1.211075499,1.98989899,0.378345876595332,0.621654123404668
278,QPR,Tottenham,0.5,0.333333333,0.375,0.5,0.666666667,0.625,0.5,0.375,0.333333333,0.342592593,0.353174603,0.555555556,QPR,0.342592593,0.538461539,0.555555556,0.5,0.353174603,0.540277778,0,-1,1.251322752,1.578739317,0.442153819065231,0.557846180934769
279,Arsenal,West Ham,0.9,1,0.583333333,0.1,0,0.416666667,0.9,0.583333333,1,0.662698413,0.472880061,0.777777778,Arsenal,0.662698413,0.503205128,0.777777778,0.25,0.472880061,0.576388889,1,1,1.913356252,1.329594017,0.590004808365441,0.409995191634559
280,Burnley,Man City,0.444444444,1,0.25,0.555555556,0,0.75,0.444444444,0.25,1,0.453703704,0.518181818,0.166666667,Burnley,0.453703704,0.628282828,0.166666667,0.777777778,0.518181818,0.48974359,1,1,1.138552189,1.895804196,0.375220325017953,0.624779674982047
281,Crystal Palace,QPR,0.5,0.75,0.666666667,0.5,0.25,0.333333333,0.5,0.666666667,0.75,0.476190476,0.488215488,0.361111111,Crystal Palace,0.476190476,0.361111111,0.361111111,0.333333333,0.488215488,0.367063492,1,1,1.325517075,1.061507936,0.555300874055232,0.444699125944768
282,Leicester,Hull,0.375,0.5,0.583333333,0.625,0.5,0.416666667,0.625,0.416666667,0.5,0.430555556,0.434126984,0.388888889,Hull,0.372294372,0.430555556,0.277777778,0.388888889,0.455710956,0.434126984,0,0,1.105783106,1.253571429,0.468680348627639,0.531319651372361
283,Sunderland,Aston Villa,0.2,0,0.285714286,0.8,1,0.714285714,0.8,0.714285714,1,0.50462963,0.380952381,0.333333333,Aston Villa,0.424145299,0.50462963,0.333333333,0.333333333,0.439194139,0.380952381,0,-1,1.196672771,1.218915344,0.495396033607327,0.504603966392673
284,West Brom,Stoke,0.714285714,1,0.583333333,0.285714286,0,0.416666667,0.285714286,0.416666667,0,0.708333333,0.461038961,0.888888889,Stoke,0.348148148,0.708333333,0.611111111,0.888888889,0.517948718,0.461038961,1,1,1.477207977,2.058261183,0.417825162700613,0.582174837299387
285,Chelsea,Southampton,0.583333333,0.5,0.818181818,0.416666667,0.5,0.181818182,0.416666667,0.181818182,0.5,0.485185185,0.763492064,0.333333333,Southampton,0.503787879,0.485185185,0.833333333,0.333333333,0.592592593,0.763492064,0,0,1.929713805,1.582010582,0.549506052395108,0.450493947604892
286,Everton,Newcastle,0.692307692,1,0.428571429,0.307692308,0,0.571428571,0.307692308,0.571428571,0,0.336904762,0.580952381,0.333333333,Newcastle,0.375180375,0.336904762,0.166666667,0.333333333,0.353238265,0.580952381,1,1,0.895085307,1.251190476,0.417041143589141,0.582958856410859
287,Man United,Tottenham,0.75,1,0.666666667,0.25,0,0.333333333,0.25,0.333333333,0,0.566239316,0.554166667,0.588888889,Tottenham,0.605616606,0.566239316,0.777777778,0.588888889,0.614285714,0.554166667,1,1,1.997680098,1.709294872,0.538897649476171,0.461102350523829
288,Swansea,Liverpool,0.375,0,0.444444444,0.625,1,0.555555556,0.375,0.444444444,0,0.444444445,0.361904762,0.688888889,Swansea,0.444444445,0.722222222,0.688888889,0.888888889,0.361904762,0.562770563,0,-1,1.495238096,2.173881674,0.407519565925753,0.592480434074247
289,Aston Villa,Swansea,0.333333333,0,0.307692308,0.666666667,1,0.692307692,0.333333333,0.307692308,0,0.687962963,0.357142857,0.555555556,Aston Villa,0.687962963,0.347222222,0.555555556,0.466666667,0.357142857,0.414814815,0,-1,1.600661376,1.228703704,0.56573165029661,0.43426834970339
290,Man City,West Brom,1,1,0.818181818,0,0,0.181818182,0,0.181818182,0,0.475132275,0.661111111,0.777777778,West Brom,0.513468014,0.475132275,0.444444444,0.777777778,0.506410256,0.661111111,1,1,1.464322714,1.914021164,0.43344394972216,0.56655605027784
291,Newcastle,Arsenal,0.571428571,0.333333333,0.692307692,0.428571429,0.666666667,0.307692308,0.571428571,0.692307692,0.333333333,0.406135531,0.671428571,0.333333333,Newcastle,0.406135531,0.772222222,0.333333333,0.888888889,0.671428571,0.637021475,0,-1,1.410897435,2.298132586,0.380395258871376,0.619604741128624
292,Southampton,Burnley,0.5,1,0.666666667,0.5,0,0.333333333,0.5,0.333333333,0,0.435185185,0.434848485,0.333333333,Burnley,0.438888889,0.435185185,0.5,0.333333333,0.538383838,0.434848485,1,1,1.477272727,1.203367003,0.551089618820206,0.448910381179794
293,Stoke,Crystal Palace,0.571428571,0.333333333,0.666666667,0.428571429,0.666666667,0.333333333,0.428571429,0.333333333,0.666666667,0.5,0.407407407,0.5,Crystal Palace,0.553571429,0.5,0.666666667,0.5,0.528499279,0.407407407,0,-1,1.748737375,1.407407407,0.554073876766785,0.445926123233215
294,Tottenham,Leicester,0.444444444,0.571428571,0.5,0.555555556,0.428571429,0.5,0.444444444,0.5,0.571428571,0.444444444,0.519444444,0.422222222,Tottenham,0.444444444,0.376082251,0.422222222,0.333333333,0.519444444,0.483488734,1,1,1.38611111,1.192904318,0.537457471153988,0.462542528846012
295,West Ham,Sunderland,0.571428571,1,0.6,0.428571429,0,0.4,0.571428571,0.6,1,0.408333333,0.527777778,0.083333333,West Ham,0.408333333,0.268589744,0.083333333,0.166666667,0.527777778,0.252380952,1,1,1.019444444,0.687637363,0.597185465757822,0.402814534242178
296,Hull,Chelsea,0.727272727,0.4,0.5,0.272727273,0.6,0.5,0.727272727,0.5,0.4,0.416666667,0.434126984,0.333333333,Hull,0.416666667,0.486111111,0.333333333,0.666666667,0.434126984,0.587542088,0,-1,1.184126984,1.740319866,0.404906310401914,0.595093689598086
297,Liverpool,Man United,0.2,0.333333333,0.4,0.8,0.666666667,0.6,0.8,0.6,0.666666667,0.744505495,0.598412698,1,Man United,0.782407407,0.744505495,0.888888889,1,0.7003367,0.598412698,0,-1,2.371632996,2.342918193,0.50304533791753,0.49695466208247
298,QPR,Everton,0.25,0.333333333,0.25,0.75,0.666666667,0.75,0.25,0.25,0.333333333,0.416666667,0.283730159,0.305555556,QPR,0.416666667,0.462301587,0.305555556,0.166666667,0.283730159,0.479500891,0,-1,1.005952382,1.108469145,0.475757728132513,0.524242271867486
299,Arsenal,Liverpool,0.833333333,0.8,0.545454546,0.166666667,0.2,0.454545455,0.833333333,0.545454546,0.8,0.692857143,0.582722833,0.777777778,Arsenal,0.692857143,0.571296296,0.777777778,0.777777778,0.582722833,0.5003367,1,1,2.053357754,1.849410774,0.52612850064471,0.47387149935529
300,Chelsea,Stoke,0.833333333,0.666666667,1,0.166666667,0.333333333,0,0.833333333,1,0.666666667,0.410353535,0.587542088,0.7,Chelsea,0.410353535,0.410714286,0.7,0.444444444,0.587542088,0.512626263,1,1,1.697895623,1.367784993,0.553839696848577,0.446160303151423
301,Everton,Southampton,0.333333333,1,0.285714286,0.666666667,0,0.714285714,0.666666667,0.714285714,0,0.472222222,0.560606061,0.833333333,Southampton,0.550213675,0.472222222,0.333333333,0.833333333,0.501145913,0.560606061,1,1,1.384692921,1.866161616,0.425947364066878,0.574052635933122
302,Leicester,West Ham,0.5,0.666666667,0.538461539,0.5,0.333333333,0.461538462,0.5,0.538461539,0.666666667,0.370791246,0.438034188,0.30952381,Leicester,0.370791246,0.432142857,0.30952381,0.333333333,0.438034188,0.524074074,1,1,1.118349244,1.289550264,0.464450131861566,0.535549868138434
303,Man United,Aston Villa,0.777777778,0.75,0.833333333,0.222222222,0.25,0.166666667,0.777777778,0.833333333,0.75,0.754761905,0.488888889,0.888888889,Man United,0.754761905,0.674074074,0.888888889,0.555555556,0.488888889,0.340659341,1,1,2.132539683,1.570288971,0.57592178366026,0.42407821633974
304,Swansea,Hull,0.8,0.75,0.363636364,0.2,0.25,0.636363636,0.8,0.363636364,0.75,0.486111111,0.512250712,0.466666667,Swansea,0.486111111,0.659090909,0.466666667,0.466666667,0.512250712,0.505555556,1,1,1.46502849,1.631313132,0.473148208062941,0.526851791937059
305,West Brom,QPR,0.461538462,0.2,0.333333333,0.538461539,0.8,0.666666667,0.461538462,0.333333333,0.2,0.275132275,0.588383838,0.444444444,West Brom,0.275132275,0.416666667,0.444444444,0.305555556,0.588383838,0.319444444,0,-1,1.307960557,1.041666667,0.55666726348758,0.44333273651242
306,Burnley,Tottenham,0.666666667,0.5,0.625,0.333333333,0.5,0.375,0.333333333,0.375,0.5,0.398148148,0.486111111,0.412698413,Tottenham,0.351851852,0.398148148,0.333333333,0.412698413,0.345959596,0.486111111,0,0,1.031144781,1.296957672,0.442912114830369,0.557087885169631
307,Sunderland,Newcastle,0.8,1,0.666666667,0.2,0,0.333333333,0.8,0.666666667,1,0.33452381,0.361904762,0.166666667,Sunderland,0.33452381,0.388278388,0.166666667,0.111111111,0.361904762,0.687912088,1,1,0.863095239,1.187301587,0.420940584795853,0.579059415204148
308,Crystal Palace,Man City,0.428571429,0.666666667,0.235294118,0.571428571,0.333333333,0.764705882,0.571428571,0.764705882,0.333333333,0.791245791,0.779137529,0.666666667,Man City,0.476190476,0.791245791,0.472222222,0.666666667,0.388888889,0.779137529,1,1,1.337301587,2.237049987,0.374138234394063,0.625861765605937
309,Aston Villa,QPR,0.583333333,0.5,0.7,0.416666667,0.5,0.3,0.416666667,0.3,0.5,0.42948718,0.416666667,0.461111111,QPR,0.451851852,0.42948718,0.416666667,0.461111111,0.396214896,0.416666667,0,0,1.264733415,1.307264958,0.491731809894112,0.508268190105889
310,Burnley,Arsenal,0.444444444,0,0.142857143,0.555555556,1,0.857142857,0.555555556,0.857142857,1,0.720634921,0.478826729,0.822222222,Arsenal,0.537037037,0.720634921,0.5,0.822222222,0.402777778,0.478826729,0,-1,1.439814815,2.021683872,0.41595128156696,0.58404871843304
311,Southampton,Hull,0.5,1,0.285714286,0.5,0,0.714285714,0.5,0.285714286,1,0.527777778,0.520923521,0.5,Southampton,0.527777778,0.517424242,0.5,0.383333333,0.520923521,0.517676768,1,1,1.548701299,1.418434343,0.521951634794861,0.478048365205139
312,Sunderland,Crystal Palace,0.375,0.2,0.666666667,0.625,0.8,0.333333333,0.625,0.333333333,0.8,0.452380952,0.411764706,0.694444445,Crystal Palace,0.476190476,0.452380952,0.333333333,0.694444445,0.450793651,0.411764706,0,-1,1.26031746,1.558590103,0.447094284517339,0.552905715482661
313,Swansea,Everton,0.272727273,0.5,0.333333333,0.727272727,0.5,0.666666667,0.727272727,0.666666667,0.5,0.689102564,0.574675325,0.555555556,Everton,0.613888889,0.689102564,0.583333333,0.555555556,0.5001295,0.574675325,0,0,1.697351722,1.819333445,0.482656718300424,0.517343281699576
314,Tottenham,Aston Villa,0.5,0,0.6,0.5,1,0.4,0.5,0.4,1,0.37962963,0.391452992,0.25,Aston Villa,0.342592593,0.37962963,0.357142857,0.25,0.402777778,0.391452992,0,-1,1.102513228,1.021082622,0.51917281153097,0.48082718846903
315,West Brom,Leicester,0.555555556,0.4,0.4,0.444444444,0.6,0.6,0.444444444,0.6,0.6,0.476851852,0.540598291,0.531746032,Leicester,0.391941392,0.476851852,0.4,0.531746032,0.366161616,0.540598291,0,-1,1.158103008,1.549196175,0.427770604472568,0.572229395527432
316,West Ham,Stoke,0.6,0.5,0.285714286,0.4,0.5,0.714285714,0.6,0.285714286,0.5,0.390476191,0.492735043,0.444444444,West Ham,0.390476191,0.341269841,0.444444444,0.222222222,0.492735043,0.361111111,0,0,1.327655678,0.924603174,0.589477393693467,0.410522606306533
317,Man United,Man City,0.7,0.666666667,0.166666667,0.3,0.333333333,0.833333333,0.7,0.166666667,0.666666667,0.775925926,0.7,0.805555556,Man United,0.775925926,0.708994709,0.805555556,0.444444444,0.7,0.777629234,1,1,2.281481482,1.931068387,0.541591566378677,0.458408433621323
318,QPR,Chelsea,0.8,0,0.454545455,0.2,1,0.545454546,0.8,0.454545455,0,0.401709402,0.405555556,0.544444444,QPR,0.401709402,0.563131313,0.544444444,0.588888889,0.405555556,0.772727273,0,-1,1.351709402,1.924747475,0.412552172283634,0.587447827716366
319,Liverpool,Newcastle,0.666666667,1,0.5,0.333333333,0,0.5,0.666666667,0.5,1,0.330555556,0.47003367,0.511111111,Liverpool,0.330555556,0.35970696,0.511111111,0.111111111,0.47003367,0.532356532,1,1,1.311700337,1.003174603,0.566639827635786,0.433360172364214
320,Chelsea,Man United,0.5,1,0.3,0.5,0,0.7,0.5,0.3,1,0.435353535,0.681818182,0.755555556,Chelsea,0.435353535,0.759259259,0.755555556,0.694444445,0.681818182,0.533333333,1,1,1.872727273,1.987037037,0.485192131588988,0.514807868411012
321,Crystal Palace,West Brom,0.5,0,0.538461539,0.5,1,0.461538462,0.5,0.538461539,0,0.494047619,0.300653595,0.711111111,Crystal Palace,0.494047619,0.339031339,0.711111111,0.2,0.300653595,0.305050505,0,-1,1.505812325,0.844081844,0.64080006021752,0.35919993978248
322,Everton,Burnley,0.888888889,1,0.454545455,0.111111111,0,0.545454546,0.888888889,0.454545455,1,0.591880342,0.488095238,0.888888889,Everton,0.591880342,0.537037037,0.888888889,0.166666667,0.488095238,0.367063492,1,1,1.968864469,1.070767196,0.647731266807947,0.352268733192053
323,Leicester,Swansea,0.5,1,0.666666667,0.5,0,0.333333333,0.5,0.333333333,0,0.57979798,0.463092463,0.75,Swansea,0.5,0.57979798,0.565079365,0.75,0.546153846,0.463092463,1,1,1.611233211,1.792890443,0.473318062082359,0.526681937917641
324,Stoke,Southampton,0.25,0.666666667,0.285714286,0.75,0.333333333,0.714285714,0.75,0.714285714,0.333333333,0.555555556,0.555555556,0.666666667,Southampton,0.379365079,0.555555556,0.388888889,0.666666667,0.46031746,0.555555556,1,1,1.228571428,1.777777779,0.408658922635929,0.591341077364071
325,Man City,West Ham,0.5,1,0.666666667,0.5,0,0.333333333,0.5,0.333333333,0,0.557142857,0.449084249,0.611111111,West Ham,0.623809524,0.557142857,0.555555556,0.611111111,0.805407011,0.449084249,1,1,1.984772091,1.617338217,0.551002584954708,0.448997415045292
326,Newcastle,Tottenham,0.384615385,0.25,0.571428571,0.615384615,0.75,0.428571429,0.384615385,0.571428571,0.25,0.368253968,0.508547009,0.111111111,Newcastle,0.368253968,0.425925926,0.111111111,0.357142857,0.508547009,0.491666667,0,-1,0.987912088,1.27473545,0.436617754824172,0.563382245175828
327,Burnley,Leicester,0.5,0,0.6,0.5,1,0.4,0.5,0.4,1,0.481481482,0.601709402,0.755555556,Leicester,0.407407407,0.481481482,0.166666667,0.755555556,0.437770563,0.601709402,0,-1,1.011844637,1.83874644,0.354959588965275,0.645040411034725
328,Crystal Palace,Hull,0.3,0,0,0.7,1,1,0.3,0,0,0.517857143,0.369029663,0.488888889,Crystal Palace,0.517857143,0.475757576,0.488888889,0.216666667,0.369029663,0.616883117,0,-1,1.375775695,1.30930736,0.512377333147335,0.487622666852665
329,Man City,Aston Villa,0.5,0.6,0.538461539,0.5,0.4,0.461538462,0.5,0.538461539,0.6,0.457142857,0.754901961,0.555555556,Man City,0.457142857,0.435185185,0.555555556,0.583333333,0.754901961,0.422222222,1,1,1.767600374,1.44074074,0.55093904020581,0.44906095979419
330,Newcastle,Swansea,0.4,0.4,0.6,0.6,0.6,0.4,0.4,0.6,0.4,0.305982906,0.468253968,0.083333333,Newcastle,0.305982906,0.524242424,0.083333333,0.416666667,0.468253968,0.343434343,0,-1,0.857570207,1.284343434,0.400375715707952,0.599624284292048
331,QPR,West Ham,0.777777778,0.5,0.5,0.222222222,0.5,0.5,0.777777778,0.5,0.5,0.585042735,0.473737374,0.433333333,QPR,0.585042735,0.533333333,0.433333333,0.277777778,0.473737374,0.36019536,0,0,1.492113442,1.171306471,0.560224632517418,0.439775367482581
332,Southampton,Tottenham,0.666666667,0.5,0.727272727,0.333333333,0.5,0.272727273,0.666666667,0.727272727,0.5,0.638888889,0.571428571,0.444444444,Southampton,0.638888889,0.482905983,0.444444444,0.416666667,0.571428571,0.467857143,0,0,1.654761904,1.367429793,0.547537042617982,0.452462957382018
333,Stoke,Sunderland,0.615384615,0.5,0.529411765,0.384615385,0.5,0.470588235,0.384615385,0.470588235,0.5,0.53452381,0.577777778,0.4,Sunderland,0.272222222,0.53452381,0.5,0.4,0.333333333,0.577777778,0,0,1.105555555,1.512301588,0.422313172418973,0.577686827581027
334,West Brom,Liverpool,0.444444444,0.5,0.333333333,0.555555556,0.5,0.666666667,0.444444444,0.333333333,0.5,0.505698006,0.398290598,0.533333333,West Brom,0.505698006,0.344444445,0.533333333,0.511111111,0.398290598,0.451515152,0,0,1.437321937,1.307070708,0.523730428886935,0.476269571113065
335,Arsenal,Chelsea,0.25,0.5,0.75,0.75,0.5,0.25,0.25,0.75,0.5,0.605820106,0.57009657,0.822222222,Arsenal,0.605820106,0.511111111,0.822222222,0.888888889,0.57009657,0.615151515,0,0,1.998138898,2.015151515,0.497880465248055,0.502119534751945
336,Everton,Man United,0.636363636,1,0.5,0.363636364,0,0.5,0.636363636,0.5,1,0.603535354,0.567460318,0.722222222,Everton,0.603535354,0.659259259,0.722222222,0.472222222,0.567460318,0.566666667,1,1,1.893217894,1.698148148,0.527158154267584,0.472841845732416
337,Hull,Liverpool,0.307692308,1,0.5,0.692307692,0,0.5,0.692307692,0.5,0,0.462962963,0.54040404,0.566666667,Liverpool,0.466666667,0.462962963,0.416666667,0.566666667,0.783549784,0.54040404,1,1,1.666883118,1.57003367,0.514960138666376,0.485039861333624
338,Leicester,Chelsea,0.333333333,0.25,0.25,0.666666667,0.75,0.75,0.666666667,0.75,0.75,0.483333333,0.365151515,0.833333333,Chelsea,0.481481482,0.483333333,0.866666667,0.833333333,0.555555556,0.365151515,0,-1,1.903703705,1.681818181,0.530941872767026,0.469058127232974
339,Aston Villa,Everton,0.444444444,0.6,0.625,0.555555556,0.4,0.375,0.555555556,0.375,0.4,0.64983165,0.468975469,0.833333333,Everton,0.527777778,0.64983165,0.633333333,0.833333333,0.520512821,0.468975469,1,1,1.681623932,1.952140452,0.462777371973934,0.537222628026066
340,Leicester,Newcastle,0.7,1,0.588235294,0.3,0,0.411764706,0.3,0.411764706,0,0.372649573,0.557142857,0.216666667,Newcastle,0.444444444,0.372649573,0.75,0.216666667,0.438888889,0.557142857,1,1,1.633333333,1.146459097,0.58757384737536,0.41242615262464
341,Liverpool,QPR,0.8,0.666666667,0.6,0.2,0.333333333,0.4,0.2,0.4,0.333333333,0.664814815,0.418181818,0.333333333,QPR,0.638176638,0.664814815,0.5,0.333333333,0.555555556,0.418181818,1,1,1.693732194,1.416329966,0.544597537561757,0.455402462438243
342,Man United,West Brom,0.75,0,0.75,0.25,1,0.25,0.75,0.75,0,0.521212121,0.455555556,0.222222222,Man United,0.521212121,0.5,0.222222222,0.633333333,0.455555556,0.398290598,0,-1,1.198989899,1.531623931,0.43909171111171,0.56090828888829
343,Sunderland,Southampton,0.75,0.666666667,0.5,0.25,0.333333333,0.5,0.25,0.5,0.333333333,0.638888889,0.575757576,0.611111111,Southampton,0.519871795,0.638888889,0.566666667,0.611111111,0.60130719,0.575757576,1,1,1.687845652,1.825757576,0.480374573471903,0.519625426528097
344,Swansea,Stoke,0.571428571,1,0.75,0.428571429,0,0.25,0.571428571,0.75,1,0.457575758,0.355555556,0.366666667,Swansea,0.457575758,0.421794872,0.366666667,0.555555556,0.355555556,0.509803922,1,1,1.179797981,1.48715435,0.442376853641633,0.557623146358367
345,West Ham,Burnley,0.777777778,1,0.8125,0.222222222,0,0.1875,0.222222222,0.1875,0,0.351851852,0.42943723,0,Burnley,0.440740741,0.351851852,0.333333333,0,0.373015873,0.42943723,1,1,1.147089947,0.781289082,0.594846723465379,0.405153276534621
346,Chelsea,Crystal Palace,0.875,1,0.333333333,0.125,0,0.666666667,0.125,0.666666667,0,0.475,0.290598291,0.266666667,Crystal Palace,0.638888889,0.475,0.75,0.266666667,0.433333333,0.290598291,1,1,1.822222222,1.032264958,0.638371135371503,0.361628864628497
347,Tottenham,Man City,0.555555556,0,0.533333333,0.444444444,1,0.466666667,0.555555556,0.533333333,0,0.482905983,0.433766234,0.416666667,Tottenham,0.482905983,0.433333333,0.416666667,0.644444444,0.433766234,0.67948718,0,-1,1.333338884,1.757264957,0.431416950406877,0.568583049593123
348,Hull,Arsenal,0.1,0.25,0,0.9,0.75,1,0.1,0,0.25,0.502564103,0.738095238,0.666666667,Hull,0.502564103,0.546296296,0.666666667,0.766666667,0.738095238,0.717532468,0,-1,1.907326008,2.030495431,0.484360715066948,0.515639284933052
349,Aston Villa,West Ham,0.833333333,1,0.25,0.166666667,0,0.75,0.166666667,0.75,0,0.5,0.548611111,0.5,West Ham,0.481481482,0.5,0.666666667,0.5,0.495512821,0.548611111,1,1,1.64366097,1.548611111,0.514887493388443,0.485112506611557
350,Crystal Palace,Man United,0.5,0.333333333,0.538461539,0.5,0.666666667,0.461538462,0.5,0.538461539,0.333333333,0.308333333,0.401709402,0,Crystal Palace,0.308333333,0.537878788,0,0,0.401709402,0.65,0,-1,0.710042735,1.187878788,0.374115961274127,0.625884038725873
351,Everton,Sunderland,0.571428571,0,0.9375,0.428571429,1,0.0625,0.571428571,0.9375,0,0.750841751,0.54040404,0.833333333,Everton,0.750841751,0.503205128,0.833333333,0.455555556,0.54040404,0.545751634,0,-1,2.124579124,1.504512318,0.585430033371973,0.414569966628027
352,Hull,Burnley,0.6,0,0.75,0.4,1,0.25,0.4,0.25,1,0.277777778,0.444318182,0,Burnley,0.369230769,0.277777778,0.75,0,0.5,0.444318182,0,-1,1.619230769,0.72209596,0.691586846442225,0.308413153557775
353,Leicester,Southampton,0.5,1,0.333333333,0.5,0,0.666666667,0.5,0.666666667,0,0.555555556,0.647186147,0.388888889,Southampton,0.511111111,0.555555556,0.75,0.388888889,0.412745098,0.647186147,1,1,1.673856209,1.591630592,0.512590100957508,0.487409899042492
354,Newcastle,West Brom,0.625,0.5,0.777777778,0.375,0.5,0.222222222,0.625,0.777777778,0.5,0.361538462,0.527731092,0.216666667,Newcastle,0.361538462,0.398148148,0.216666667,0.833333333,0.527731092,0.348290598,0,0,1.105936221,1.579772079,0.411785680894682,0.588214319105318
355,Stoke,Tottenham,0.75,1,0.428571429,0.25,0,0.571428571,0.75,0.428571429,1,0.431318681,0.355042017,0.388888889,Stoke,0.431318681,0.501424501,0.388888889,0.416666667,0.355042017,0.411544012,1,1,1.175249587,1.32963518,0.469183094760702,0.530816905239298
356,Chelsea,Liverpool,0.428571429,0.5,0.6,0.571428571,0.5,0.4,0.571428571,0.4,0.5,0.682621083,0.588888889,0.388888889,Liverpool,0.763888889,0.682621083,0.75,0.388888889,0.444444444,0.588888889,0,0,1.958333333,1.660398861,0.541165587286894,0.458834412713106
357,Man City,QPR,0.785714286,1,0.636363636,0.214285714,0,0.363636364,0.785714286,0.636363636,1,0.481481482,0.557264957,0.866666667,Man City,0.481481482,0.592592593,0.866666667,0.277777778,0.557264957,0.451515152,1,1,1.905413106,1.321885523,0.590404956293247,0.409595043706753
358,Arsenal,Swansea,0.75,0,0.857142857,0.25,1,0.142857143,0.75,0.857142857,0,0.568518519,0.869047619,0.75,Arsenal,0.568518519,0.557142857,0.75,0.533333333,0.869047619,0.494444444,0,-1,2.187566138,1.584920634,0.579873772980853,0.420126227019147
359,Burnley,Stoke,0.571428571,0.5,0.538461539,0.428571429,0.5,0.461538462,0.428571429,0.461538462,0.5,0.597985348,0.402661064,0.5,Stoke,0.374074074,0.597985348,0.333333333,0.5,0.345833333,0.402661064,0,0,1.05324074,1.500646412,0.412406922199043,0.587593077800957
360,Liverpool,Crystal Palace,0.333333333,0.25,0.444444444,0.666666667,0.75,0.555555556,0.333333333,0.444444444,0.25,0.687912088,0.5,0.388888889,Liverpool,0.687912088,0.308333333,0.388888889,0.111111111,0.5,0.401709402,0,-1,1.576800977,0.821153846,0.657560752135988,0.342439247864012
361,QPR,Newcastle,0.333333333,0.666666667,0.2,0.666666667,0.333333333,0.8,0.666666667,0.8,0.333333333,0.441666667,0.596514161,0.3,Newcastle,0.397354497,0.441666667,0.277777778,0.3,0.421212121,0.596514161,1,1,1.096344396,1.338180828,0.450331910793955,0.549668089206045
362,Southampton,Aston Villa,0.733333333,0.857142857,0.666666667,0.266666667,0.142857143,0.333333333,0.266666667,0.333333333,0.142857143,0.592592593,0.445512821,0.666666667,Aston Villa,0.472222222,0.592592593,0.277777778,0.666666667,0.631313131,0.445512821,1,1,1.381313131,1.704772081,0.447593969741624,0.552406030258376
363,Sunderland,Leicester,1,0.5,0.470588235,0,0.5,0.529411765,0,0.529411765,0.5,0.511111111,0.390522876,0.75,Leicester,0.521062271,0.511111111,0.722222222,0.75,0.344362745,0.390522876,0,0,1.587647238,1.651633987,0.490123310611909,0.509876689388091
364,Tottenham,Hull,0.6,1,0.428571429,0.4,0,0.571428571,0.6,0.428571429,1,0.37962963,0.459163059,0.166666667,Tottenham,0.37962963,0.335897436,0.166666667,0.416666667,0.459163059,0.416666667,1,1,1.005459356,1.16923077,0.462346034489697,0.537653965510303
365,West Ham,Everton,0.375,0.333333333,0.466666667,0.625,0.666666667,0.533333333,0.375,0.466666667,0.333333333,0.388888889,0.6875,0.5,West Ham,0.388888889,0.693602694,0.5,0.8,0.6875,0.443181818,0,-1,1.576388889,1.936784512,0.448707965439819,0.551292034560181
366,Man United,Arsenal,0.571428571,0.5,0.5,0.428571429,0.5,0.5,0.428571429,0.5,0.5,0.633333333,0.869047619,0.416666667,Arsenal,0.537878788,0.633333333,0.222222222,0.416666667,0.570512821,0.869047619,0,0,1.330613831,1.919047619,0.409462293679854,0.590537706320146
367,Swansea,Man City,0.45,0.333333333,0.611111111,0.55,0.666666667,0.388888889,0.45,0.611111111,0.333333333,0.473809524,0.430952381,0.866666667,Swansea,0.473809524,0.576719577,0.866666667,0.866666667,0.430952381,0.547163947,0,-1,1.771428572,1.990550191,0.470876813400023,0.529123186599977
368,West Brom,Chelsea,0.625,1,0.428571429,0.375,0,0.571428571,0.375,0.571428571,0,0.656746032,0.561111111,0.75,Chelsea,0.356481482,0.656746032,0.666666667,0.75,0.268518519,0.561111111,1,1,1.291666668,1.967857143,0.396274653261,0.603725346738999
369,Arsenal,Sunderland,0.727272727,0.5,0.714285714,0.272727273,0.5,0.285714286,0.272727273,0.285714286,0.5,0.726190476,0.344362745,0.722222222,Sunderland,0.692857143,0.726190476,0.416666667,0.722222222,0.785714286,0.344362745,0,0,1.895238096,1.792775443,0.513891306514534,0.486108693485466
370,Arsenal,West Brom,0.722222222,0.8,0.7,0.277777778,0.2,0.3,0.722222222,0.7,0.8,0.635281385,0.690476191,0.333333333,Arsenal,0.635281385,0.416666667,0.333333333,0.833333333,0.690476191,0.30026455,1,1,1.659090909,1.55026455,0.516954550592833,0.483045449407167
371,Aston Villa,Burnley,0.625,0,0.777777778,0.375,1,0.222222222,0.375,0.222222222,1,0.397883598,0.325320513,0.5,Burnley,0.514814815,0.397883598,0.580952381,0.5,0.402777778,0.325320513,0,-1,1.498544974,1.223204111,0.550581602932733,0.449418397067267
372,Chelsea,Sunderland,0.470588235,0.75,0.785714286,0.529411765,0.25,0.214285714,0.529411765,0.214285714,0.25,0.567099567,0.272934174,0.666666667,Sunderland,0.55952381,0.567099567,0.5,0.666666667,0.501587302,0.272934174,1,1,1.561111112,1.506700408,0.508867999817668,0.491132000182332
373,Crystal Palace,Swansea,0.777777778,1,0.7,0.222222222,0,0.3,0.222222222,0.3,0,0.423809524,0.501322751,0.777777778,Swansea,0.430555556,0.423809524,0.361111111,0.777777778,0.586894587,0.501322751,1,1,1.378561254,1.702910053,0.447371114852961,0.552628885147039
374,Everton,Tottenham,0.25,0,0.375,0.75,1,0.625,0.25,0.375,0,0.587782588,0.604166667,0.466666667,Everton,0.587782588,0.468518519,0.466666667,0.333333333,0.604166667,0.511111111,0,-1,1.658615922,1.312962963,0.558159815434279,0.441840184565721
375,Hull,Man United,0.857142857,0.5,0.888888889,0.142857143,0.5,0.111111111,0.857142857,0.888888889,0.5,0.366666667,0.440476191,0.083333333,Hull,0.366666667,0.607142857,0.083333333,0.388888889,0.440476191,0.570512821,0,0,0.890476191,1.566544567,0.362421110241186,0.637578889758814
376,Leicester,QPR,0.777777778,0.833333333,0.454545455,0.222222222,0.166666667,0.545454546,0.777777778,0.454545455,0.833333333,0.4,0.483660131,0.833333333,Leicester,0.4,0.249206349,0.833333333,0.333333333,0.483660131,0.321212121,1,1,1.716993464,0.903751803,0.655154656051507,0.344845343948493
377,Man City,Southampton,0.6,1,0.666666667,0.4,0,0.333333333,0.6,0.666666667,1,0.593386243,0.497306397,0.888888889,Man City,0.593386243,0.494444444,0.888888889,0.396825397,0.497306397,0.611111111,1,1,1.979581529,1.502380952,0.568524658092087,0.431475341907913
378,Newcastle,West Ham,0.8,1,0.4,0.2,0,0.6,0.2,0.6,0,0.439814815,0.676388889,0.444444444,West Ham,0.530555556,0.439814815,0.277777778,0.444444444,0.663180828,0.676388889,1,1,1.471514162,1.560648148,0.485301910503597,0.514698089496403
379,Stoke,Liverpool,0.692307692,0.857142857,0.25,0.307692308,0.142857143,0.75,0.307692308,0.75,0.142857143,0.568253968,0.481481482,0.472222222,Liverpool,0.535714286,0.568253968,0.5,0.472222222,0.38003663,0.481481482,1,1,1.415750916,1.521957672,0.481923537883602,0.518076462116398
